Workbook

Sheet README
A1: Hoja | B1: Descripción
A2: EFACT_CNE | B2: Información de facturación definitiva proveniente de los archivos EFACT publicados por la CNE en los Decretos de Precio de Nudo
A3: FACT_EMITIDA | B3: Información de facturación real desde PDFs y sistema SIGGE (gestión facturación electrónica)

Sheet MAPA_DATA
A1: Num | B1: Anho | C1: Mes | D1: Fecha | E1: FACT_EMITIDA | F1: FACT_EST_EFACT | G1: FACT_EST_CEN | H1: EFACT_CNE | I1: EFACT_EST_CEN | J1: OrigenData1 | K1: OrigenData2
A2: 1 | B2: 2016 | C2: 1 | D2: 01-01-2016 | E2: 0 | F2: 1 | G2: 0 | H2: 1 | I2: 0 | J2: FACT_EST_EFACT | K2: EFACT_CNE
A3: 2 | B3: 2016 | C3: 2 | D3: 01-02-2016 | E3: 0 | F3: 1 | G3: 0 | H3: 1 | I3: 0 | J3: FACT_EST_EFACT | K3: EFACT_CNE
A4: 3 | B4: 2016 | C4: 3 | D4: 01-03-2016 | E4: 0 | F4: 1 | G4: 0 | H4: 1 | I4: 0 | J4: FACT_EST_EFACT | K4: EFACT_CNE
A5: 4 | B5: 2016 | C5: 4 | D5: 01-04-2016 | E5: 0 | F5: 1 | G5: 0 | H5: 1 | I5: 0 | J5: FACT_EST_EFACT | K5: EFACT_CNE
A6: 5 | B6: 2016 | C6: 5 | D6: 01-05-2016 | E6: 0 | F6: 1 | G6: 0 | H6: 1 | I6: 0 | J6: FACT_EST_EFACT | K6: EFACT_CNE
A7: 6 | B7: 2016 | C7: 6 | D7: 01-06-2016 | E7: 0 | F7: 1 | G7: 0 | H7: 1 | I7: 0 | J7: FACT_EST_EFACT | K7: EFACT_CNE
A8: 7 | B8: 2016 | C8: 7 | D8: 01-07-2016 | E8: 0 | F8: 1 | G8: 0 | H8: 1 | I8: 0 | J8: FACT_EST_EFACT | K8: EFACT_CNE
A9: 8 | B9: 2016 | C9: 8 | D9: 01-08-2016 | E9: 0 | F9: 1 | G9: 0 | H9: 1 | I9: 0 | J9: FACT_EST_EFACT | K9: EFACT_CNE
A10: 9 | B10: 2016 | C10: 9 | D10: 01-09-2016 | E10: 0 | F10: 1 | G10: 0 | H10: 1 | I10: 0 | J10: FACT_EST_EFACT | K10: EFACT_CNE
A11: 10 | B11: 2016 | C11: 10 | D11: 01-10-2016 | E11: 0 | F11: 1 | G11: 0 | H11: 1 | I11: 0 | J11: FACT_EST_EFACT | K11: EFACT_CNE
A12: 11 | B12: 2016 | C12: 11 | D12: 01-11-2016 | E12: 0 | F12: 1 | G12: 0 | H12: 1 | I12: 0 | J12: FACT_EST_EFACT | K12: EFACT_CNE
A13: 12 | B13: 2016 | C13: 12 | D13: 01-12-2016 | E13: 0 | F13: 1 | G13: 0 | H13: 1 | I13: 0 | J13: FACT_EST_EFACT | K13: EFACT_CNE
... A58: 57 | B58: 2020 | C58: 9 | D58: 01-09-2020 | E58: 1 | F58: 0 | G58: 0 | H58: 1 | I58: 0 | J58: FACT_EMITIDA | K58: EFACT_CNE

Sheet Reliquidacion
A2: Generador | B2: [GX]
A3: Distribuidor | B3: [EEDD]
A4: Licitacion | B4: 2013/03-2° Llamado
A5: Bloque | B5: [BLOQUE]
C7: LO QUE SE FACTURÓ | L7: LO QUE SE DEBIÓ HABER FACTURADO | U7: RELQUIDACIÓN Y CÁLCULO INTERESES
A8: ID | B8: MES | C8: ORIGEN DATA | D8: Energía (kWh) | E8: Monto Energía ($) | F8: $/kWh | G8: Potencia (kW) | H8: Monto Potencia ($) | I8: $/kW-mes | J8: Monto Total ($) | L8: ORIGEN DATA | M8: Energía (kWh) | N8: Monto Energía ($) | O8: $/kWh | P8: Potencia (kW) | Q8: Monto Potencia ($) | R8: $/kW-mes | S8: Monto Total ($) | U8: Mes | V8: Reliquidación mensual ($) | W8: Decreto PNP Reliquidación | X8: Fecha publicación Diario Oficial | Y8: Interés Anual | Z8: Fecha Facturación | AA8: Fecha Reliquidación | AB8: N° de días de intereses | AC8: Interés total según n° de días | AD8: Intereses ($) | AE8: Reliquidación Total ($)
A9: =9 -> 9 | B9: 43344 | C9: FACT_EMITIDA | D9: =CONCATENATE("SUMIF(",IF(C9="FACT_EMITIDA","SIGGE_E",C9),"!B:B,Reliquidacion!B",A9,",",IF(C9="FACT_EMITIDA","SIGGE_E",C9),"!S:S)") -> SUMIF(SIGGE_E!B:B,Reliquidacion!B9,SIGGE_E!S:S) | E9: =CONCATENATE("SUMIF(",IF(C9="FACT_EMITIDA","SIGGE_E",C9),"!B:B,Reliquidacion!B",A9,",",IF(C9="FACT_EMITIDA","SIGGE_E",C9),"!T:T)") -> SUMIF(SIGGE_E!B:B,Reliquidacion!B9,SIGGE_E!T:T) | F9: =CONCATENATE("IFERROR((E",A9,"/D",A9,"),0)") -> IFERROR((E9/D9),0) | G9: =CONCATENATE("SUMIF(",IF(C9="FACT_EMITIDA","SIGGE_P",C9),"!B:B,Reliquidacion!B",A9,",",IF(C9="FACT_EMITIDA","SIGGE_P",C9),"!U:U)") -> SUMIF(SIGGE_P!B:B,Reliquidacion!B9,SIGGE_P!U:U) | H9: =CONCATENATE("SUMIF(",IF(C9="FACT_EMITIDA","SIGGE_P",C9),"!B:B,Reliquidacion!B",A9,",",IF(C9="FACT_EMITIDA","SIGGE_P",C9),"!V:V)") -> SUMIF(SIGGE_P!B:B,Reliquidacion!B9,SIGGE_P!V:V) | I9: =CONCATENATE("IFERROR((H",A9,"/G",A9,"),0)") -> IFERROR((H9/G9),0) | J9: =CONCATENATE("(E",A9,"+H",A9,")") -> (E9+H9) | L9: =(MAPA_DATA!K34) -> EFACT_CNE | M9: =CONCATENATE("SUMIF(",L9,"!B:B,Reliquidacion!B",A9,",",L9,"!S:S)") -> SUMIF(EFACT_CNE!B:B,Reliquidacion!B9,EFACT_CNE!S:S) | N9: =CONCATENATE("SUMIF(",L9,"!B:B,Reliquidacion!B",A9,",",L9,"!T:T)") -> SUMIF(EFACT_CNE!B:B,Reliquidacion!B9,EFACT_CNE!T:T) | O9: =CONCATENATE("IFERROR((N",A9,"/M",A9,"),0)") -> IFERROR((N9/M9),0) | P9: =CONCATENATE("SUMIF(",L9,"!B:B,Reliquidacion!B",A9,",",L9,"!U:U)") -> SUMIF(EFACT_CNE!B:B,Reliquidacion!B9,EFACT_CNE!U:U) | Q9: =CONCATENATE("SUMIF(",L9,"!B:B,Reliquidacion!B",A9,",",L9,"!V:V)") -> SUMIF(EFACT_CNE!B:B,Reliquidacion!B9,EFACT_CNE!V:V) | R9: =CONCATENATE("IFERROR((Q",A9,"/P",A9,"),0)") -> IFERROR((Q9/P9),0) | S9: =CONCATENATE("(N",A9,"+Q",A9,")") -> (N9+Q9) | U9: 43344 | V9: =CONCATENATE("(S",A9,"-J",A9,")") -> (S9-J9) | W9: PNP_6T_08-05-2020 | X9: 44137 | Y9: 0.0361 | Z9: 43398 | AA9: 44377 | AB9: =CONCATENATE("(AA",A9,"-Z",A9,")") -> (AA9-Z9) | AC9: =CONCATENATE("(1+Y",A9,")^(AB",A9,"/360)-1") -> (1+Y9)^(AB9/360)-1 | AD9: =CONCATENATE("(AC",A9,"*V",A9,")") -> (AC9*V9) | AE9: =CONCATENATE("(V",A9,"+AD",A9,")") -> (V9+AD9)
A10: =A9+1 -> 10 | B10: 43374 | C10: FACT_EMITIDA | D10: =CONCATENATE("SUMIF(",IF(C10="FACT_EMITIDA","SIGGE_E",C10),"!B:B,Reliquidacion!B",A10,",",IF(C10="FACT_EMITIDA","SIGGE_E",C10),"!S:S)") -> SUMIF(SIGGE_E!B:B,Reliquidacion!B10,SIGGE_E!S:S) | E10: =CONCATENATE("SUMIF(",IF(C10="FACT_EMITIDA","SIGGE_E",C10),"!B:B,Reliquidacion!B",A10,",",IF(C10="FACT_EMITIDA","SIGGE_E",C10),"!T:T)") -> SUMIF(SIGGE_E!B:B,Reliquidacion!B10,SIGGE_E!T:T) | F10: =CONCATENATE("IFERROR((E",A10,"/D",A10,"),0)") -> IFERROR((E10/D10),0) | G10: =CONCATENATE("SUMIF(",IF(C10="FACT_EMITIDA","SIGGE_P",C10),"!B:B,Reliquidacion!B",A10,",",IF(C10="FACT_EMITIDA","SIGGE_P",C10),"!U:U)") -> SUMIF(SIGGE_P!B:B,Reliquidacion!B10,SIGGE_P!U:U) | H10: =CONCATENATE("SUMIF(",IF(C10="FACT_EMITIDA","SIGGE_P",C10),"!B:B,Reliquidacion!B",A10,",",IF(C10="FACT_EMITIDA","SIGGE_P",C10),"!V:V)") -> SUMIF(SIGGE_P!B:B,Reliquidacion!B10,SIGGE_P!V:V) | I10: =CONCATENATE("IFERROR((H",A10,"/G",A10,"),0)") -> IFERROR((H10/G10),0) | J10: =CONCATENATE("(E",A10,"+H",A10,")") -> (E10+H10) | L10: =(MAPA_DATA!K35) -> EFACT_CNE | M10: =CONCATENATE("SUMIF(",L10,"!B:B,Reliquidacion!B",A10,",",L10,"!S:S)") -> SUMIF(EFACT_CNE!B:B,Reliquidacion!B10,EFACT_CNE!S:S) | N10: =CONCATENATE("SUMIF(",L10,"!B:B,Reliquidacion!B",A10,",",L10,"!T:T)") -> SUMIF(EFACT_CNE!B:B,Reliquidacion!B10,EFACT_CNE!T:T) | O10: =CONCATENATE("IFERROR((N",A10,"/M",A10,"),0)") -> IFERROR((N10/M10),0) | P10: =CONCATENATE("SUMIF(",L10,"!B:B,Reliquidacion!B",A10,",",L10,"!U:U)") -> SUMIF(EFACT_CNE!B:B,Reliquidacion!B10,EFACT_CNE!U:U) | Q10: =CONCATENATE("SUMIF(",L10,"!B:B,Reliquidacion!B",A10,",",L10,"!V:V)") -> SUMIF(EFACT_CNE!B:B,Reliquidacion!B10,EFACT_CNE!V:V) | R10: =CONCATENATE("IFERROR((Q",A10,"/P",A10,"),0)") -> IFERROR((Q10/P10),0) | S10: =CONCATENATE("(N",A10,"+Q",A10,")") -> (N10+Q10) | U10: 43374 | V10: =CONCATENATE("(S",A10,"-J",A10,")") -> (S10-J10) | W10: PNP_6T_08-05-2020 | X10: 44137 | Y10: 0.0361 | Z10: 43429 | AA10: =AA9 -> 44377 | AB10: =CONCATENATE("(AA",A10,"-Z",A10,")") -> (AA10-Z10) | AC10: =CONCATENATE("(1+Y",A10,")^(AB",A10,"/360)-1") -> (1+Y10)^(AB10/360)-1 | AD10: =CONCATENATE("(AC",A10,"*V",A10,")") -> (AC10*V10) | AE10: =CONCATENATE("(V",A10,"+AD",A10,")") -> (V10+AD10)
A11: =A10+1 -> 11 | B11: 43405 | C11: FACT_EMITIDA | D11: =CONCATENATE("SUMIF(",IF(C11="FACT_EMITIDA","SIGGE_E",C11),"!B:B,Reliquidacion!B",A11,",",IF(C11="FACT_EMITIDA","SIGGE_E",C11),"!S:S)") -> SUMIF(SIGGE_E!B:B,Reliquidacion!B11,SIGGE_E!S:S) | E11: =CONCATENATE("SUMIF(",IF(C11="FACT_EMITIDA","SIGGE_E",C11),"!B:B,Reliquidacion!B",A11,",",IF(C11="FACT_EMITIDA","SIGGE_E",C11),"!T:T)") -> SUMIF(SIGGE_E!B:B,Reliquidacion!B11,SIGGE_E!T:T) | F11: =CONCATENATE("IFERROR((E",A11,"/D",A11,"),0)") -> IFERROR((E11/D11),0) | G11: =CONCATENATE("SUMIF(",IF(C11="FACT_EMITIDA","SIGGE_P",C11),"!B:B,Reliquidacion!B",A11,",",IF(C11="FACT_EMITIDA","SIGGE_P",C11),"!U:U)") -> SUMIF(SIGGE_P!B:B,Reliquidacion!B11,SIGGE_P!U:U) | H11: =CONCATENATE("SUMIF(",IF(C11="FACT_EMITIDA","SIGGE_P",C11),"!B:B,Reliquidacion!B",A11,",",IF(C11="FACT_EMITIDA","SIGGE_P",C11),"!V:V)") -> SUMIF(SIGGE_P!B:B,Reliquidacion!B11,SIGGE_P!V:V) | I11: =CONCATENATE("IFERROR((H",A11,"/G",A11,"),0)") -> IFERROR((H11/G11),0) | J11: =CONCATENATE("(E",A11,"+H",A11,")") -> (E11+H11) | L11: =(MAPA_DATA!K36) -> EFACT_CNE | M11: =CONCATENATE("SUMIF(",L11,"!B:B,Reliquidacion!B",A11,",",L11,"!S:S)") -> SUMIF(EFACT_CNE!B:B,Reliquidacion!B11,EFACT_CNE!S:S) | N11: =CONCATENATE("SUMIF(",L11,"!B:B,Reliquidacion!B",A11,",",L11,"!T:T)") -> SUMIF(EFACT_CNE!B:B,Reliquidacion!B11,EFACT_CNE!T:T) | O11: =CONCATENATE("IFERROR((N",A11,"/M",A11,"),0)") -> IFERROR((N11/M11),0) | P11: =CONCATENATE("SUMIF(",L11,"!B:B,Reliquidacion!B",A11,",",L11,"!U:U)") -> SUMIF(EFACT_CNE!B:B,Reliquidacion!B11,EFACT_CNE!U:U) | Q11: =CONCATENATE("SUMIF(",L11,"!B:B,Reliquidacion!B",A11,",",L11,"!V:V)") -> SUMIF(EFACT_CNE!B:B,Reliquidacion!B11,EFACT_CNE!V:V) | R11: =CONCATENATE("IFERROR((Q",A11,"/P",A11,"),0)") -> IFERROR((Q11/P11),0) | S11: =CONCATENATE("(N",A11,"+Q",A11,")") -> (N11+Q11) | U11: 43405 | V11: =CONCATENATE("(S",A11,"-J",A11,")") -> (S11-J11) | W11: PNP_6T_08-05-2020 | X11: 44137 | Y11: 0.0361 | Z11: 43459 | AA11: =AA10 -> 44377 | AB11: =CONCATENATE("(AA",A11,"-Z",A11,")") -> (AA11-Z11) | AC11: =CONCATENATE("(1+Y",A11,")^(AB",A11,"/360)-1") -> (1+Y11)^(AB11/360)-1 | AD11: =CONCATENATE("(AC",A11,"*V",A11,")") -> (AC11*V11) | AE11: =CONCATENATE("(V",A11,"+AD",A11,")") -> (V11+AD11)
A12: =A11+1 -> 12 | B12: 43435 | C12: FACT_EMITIDA | D12: =CONCATENATE("SUMIF(",IF(C12="FACT_EMITIDA","SIGGE_E",C12),"!B:B,Reliquidacion!B",A12,",",IF(C12="FACT_EMITIDA","SIGGE_E",C12),"!S:S)") -> SUMIF(SIGGE_E!B:B,Reliquidacion!B12,SIGGE_E!S:S) | E12: =CONCATENATE("SUMIF(",IF(C12="FACT_EMITIDA","SIGGE_E",C12),"!B:B,Reliquidacion!B",A12,",",IF(C12="FACT_EMITIDA","SIGGE_E",C12),"!T:T)") -> SUMIF(SIGGE_E!B:B,Reliquidacion!B12,SIGGE_E!T:T) | F12: =CONCATENATE("IFERROR((E",A12,"/D",A12,"),0)") -> IFERROR((E12/D12),0) | G12: =CONCATENATE("SUMIF(",IF(C12="FACT_EMITIDA","SIGGE_P",C12),"!B:B,Reliquidacion!B",A12,",",IF(C12="FACT_EMITIDA","SIGGE_P",C12),"!U:U)") -> SUMIF(SIGGE_P!B:B,Reliquidacion!B12,SIGGE_P!U:U) | H12: =CONCATENATE("SUMIF(",IF(C12="FACT_EMITIDA","SIGGE_P",C12),"!B:B,Reliquidacion!B",A12,",",IF(C12="FACT_EMITIDA","SIGGE_P",C12),"!V:V)") -> SUMIF(SIGGE_P!B:B,Reliquidacion!B12,SIGGE_P!V:V) | I12: =CONCATENATE("IFERROR((H",A12,"/G",A12,"),0)") -> IFERROR((H12/G12),0) | J12: =CONCATENATE("(E",A12,"+H",A12,")") -> (E12+H12) | L12: =(MAPA_DATA!K37) -> EFACT_CNE | M12: =CONCATENATE("SUMIF(",L12,"!B:B,Reliquidacion!B",A12,",",L12,"!S:S)") -> SUMIF(EFACT_CNE!B:B,Reliquidacion!B12,EFACT_CNE!S:S) | N12: =CONCATENATE("SUMIF(",L12,"!B:B,Reliquidacion!B",A12,",",L12,"!T:T)") -> SUMIF(EFACT_CNE!B:B,Reliquidacion!B12,EFACT_CNE!T:T) | O12: =CONCATENATE("IFERROR((N",A12,"/M",A12,"),0)") -> IFERROR((N12/M12),0) | P12: =CONCATENATE("SUMIF(",L12,"!B:B,Reliquidacion!B",A12,",",L12,"!U:U)") -> SUMIF(EFACT_CNE!B:B,Reliquidacion!B12,EFACT_CNE!U:U) | Q12: =CONCATENATE("SUMIF(",L12,"!B:B,Reliquidacion!B",A12,",",L12,"!V:V)") -> SUMIF(EFACT_CNE!B:B,Reliquidacion!B12,EFACT_CNE!V:V) | R12: =CONCATENATE("IFERROR((Q",A12,"/P",A12,"),0)") -> IFERROR((Q12/P12),0) | S12: =CONCATENATE("(N",A12,"+Q",A12,")") -> (N12+Q12) | U12: 43435 | V12: =CONCATENATE("(S",A12,"-J",A12,")") -> (S12-J12) | W12: PNP_6T_08-05-2020 | X12: 44137 | Y12: 0.0361 | Z12: 43490 | AA12: =AA11 -> 44377 | AB12: =CONCATENATE("(AA",A12,"-Z",A12,")") -> (AA12-Z12) | AC12: =CONCATENATE("(1+Y",A12,")^(AB",A12,"/360)-1") -> (1+Y12)^(AB12/360)-1 | AD12: =CONCATENATE("(AC",A12,"*V",A12,")") -> (AC12*V12) | AE12: =CONCATENATE("(V",A12,"+AD",A12,")") -> (V12+AD12)
A13: =A12+1 -> 13 | B13: 43466 | C13: FACT_EMITIDA | D13: =CONCATENATE("SUMIF(",IF(C13="FACT_EMITIDA","SIGGE_E",C13),"!B:B,Reliquidacion!B",A13,",",IF(C13="FACT_EMITIDA","SIGGE_E",C13),"!S:S)") -> SUMIF(SIGGE_E!B:B,Reliquidacion!B13,SIGGE_E!S:S) | E13: =CONCATENATE("SUMIF(",IF(C13="FACT_EMITIDA","SIGGE_E",C13),"!B:B,Reliquidacion!B",A13,",",IF(C13="FACT_EMITIDA","SIGGE_E",C13),"!T:T)") -> SUMIF(SIGGE_E!B:B,Reliquidacion!B13,SIGGE_E!T:T) | F13: =CONCATENATE("IFERROR((E",A13,"/D",A13,"),0)") -> IFERROR((E13/D13),0) | G13: =CONCATENATE("SUMIF(",IF(C13="FACT_EMITIDA","SIGGE_P",C13),"!B:B,Reliquidacion!B",A13,",",IF(C13="FACT_EMITIDA","SIGGE_P",C13),"!U:U)") -> SUMIF(SIGGE_P!B:B,Reliquidacion!B13,SIGGE_P!U:U) | H13: =CONCATENATE("SUMIF(",IF(C13="FACT_EMITIDA","SIGGE_P",C13),"!B:B,Reliquidacion!B",A13,",",IF(C13="FACT_EMITIDA","SIGGE_P",C13),"!V:V)") -> SUMIF(SIGGE_P!B:B,Reliquidacion!B13,SIGGE_P!V:V) | I13: =CONCATENATE("IFERROR((H",A13,"/G",A13,"),0)") -> IFERROR((H13/G13),0) | J13: =CONCATENATE("(E",A13,"+H",A13,")") -> (E13+H13) | L13: =(MAPA_DATA!K38) -> EFACT_CNE | M13: =CONCATENATE("SUMIF(",L13,"!B:B,Reliquidacion!B",A13,",",L13,"!S:S)") -> SUMIF(EFACT_CNE!B:B,Reliquidacion!B13,EFACT_CNE!S:S) | N13: =CONCATENATE("SUMIF(",L13,"!B:B,Reliquidacion!B",A13,",",L13,"!T:T)") -> SUMIF(EFACT_CNE!B:B,Reliquidacion!B13,EFACT_CNE!T:T) | O13: =CONCATENATE("IFERROR((N",A13,"/M",A13,"),0)") -> IFERROR((N13/M13),0) | P13: =CONCATENATE("SUMIF(",L13,"!B:B,Reliquidacion!B",A13,",",L13,"!U:U)") -> SUMIF(EFACT_CNE!B:B,Reliquidacion!B13,EFACT_CNE!U:U) | Q13: =CONCATENATE("SUMIF(",L13,"!B:B,Reliquidacion!B",A13,",",L13,"!V:V)") -> SUMIF(EFACT_CNE!B:B,Reliquidacion!B13,EFACT_CNE!V:V) | R13: =CONCATENATE("IFERROR((Q",A13,"/P",A13,"),0)") -> IFERROR((Q13/P13),0) | S13: =CONCATENATE("(N",A13,"+Q",A13,")") -> (N13+Q13) | U13: 43466 | V13: =CONCATENATE("(S",A13,"-J",A13,")") -> (S13-J13) | W13: PNP_6T_08-05-2020 | X13: 44137 | Y13: 0.0361 | Z13: 43521 | AA13: =AA12 -> 44377 | AB13: =CONCATENATE("(AA",A13,"-Z",A13,")") -> (AA13-Z13) | AC13: =CONCATENATE("(1+Y",A13,")^(AB",A13,"/360)-1") -> (1+Y13)^(AB13/360)-1 | AD13: =CONCATENATE("(AC",A13,"*V",A13,")") -> (AC13*V13) | AE13: =CONCATENATE("(V",A13,"+AD",A13,")") -> (V13+AD13)
A14: =A13+1 -> 14 | B14: 43497 | C14: FACT_EMITIDA | D14: =CONCATENATE("SUMIF(",IF(C14="FACT_EMITIDA","SIGGE_E",C14),"!B:B,Reliquidacion!B",A14,",",IF(C14="FACT_EMITIDA","SIGGE_E",C14),"!S:S)") -> SUMIF(SIGGE_E!B:B,Reliquidacion!B14,SIGGE_E!S:S) | E14: =CONCATENATE("SUMIF(",IF(C14="FACT_EMITIDA","SIGGE_E",C14),"!B:B,Reliquidacion!B",A14,",",IF(C14="FACT_EMITIDA","SIGGE_E",C14),"!T:T)") -> SUMIF(SIGGE_E!B:B,Reliquidacion!B14,SIGGE_E!T:T) | F14: =CONCATENATE("IFERROR((E",A14,"/D",A14,"),0)") -> IFERROR((E14/D14),0) | G14: =CONCATENATE("SUMIF(",IF(C14="FACT_EMITIDA","SIGGE_P",C14),"!B:B,Reliquidacion!B",A14,",",IF(C14="FACT_EMITIDA","SIGGE_P",C14),"!U:U)") -> SUMIF(SIGGE_P!B:B,Reliquidacion!B14,SIGGE_P!U:U) | H14: =CONCATENATE("SUMIF(",IF(C14="FACT_EMITIDA","SIGGE_P",C14),"!B:B,Reliquidacion!B",A14,",",IF(C14="FACT_EMITIDA","SIGGE_P",C14),"!V:V)") -> SUMIF(SIGGE_P!B:B,Reliquidacion!B14,SIGGE_P!V:V) | I14: =CONCATENATE("IFERROR((H",A14,"/G",A14,"),0)") -> IFERROR((H14/G14),0) | J14: =CONCATENATE("(E",A14,"+H",A14,")") -> (E14+H14) | L14: =(MAPA_DATA!K39) -> EFACT_CNE | M14: =CONCATENATE("SUMIF(",L14,"!B:B,Reliquidacion!B",A14,",",L14,"!S:S)") -> SUMIF(EFACT_CNE!B:B,Reliquidacion!B14,EFACT_CNE!S:S) | N14: =CONCATENATE("SUMIF(",L14,"!B:B,Reliquidacion!B",A14,",",L14,"!T:T)") -> SUMIF(EFACT_CNE!B:B,Reliquidacion!B14,EFACT_CNE!T:T) | O14: =CONCATENATE("IFERROR((N",A14,"/M",A14,"),0)") -> IFERROR((N14/M14),0) | P14: =CONCATENATE("SUMIF(",L14,"!B:B,Reliquidacion!B",A14,",",L14,"!U:U)") -> SUMIF(EFACT_CNE!B:B,Reliquidacion!B14,EFACT_CNE!U:U) | Q14: =CONCATENATE("SUMIF(",L14,"!B:B,Reliquidacion!B",A14,",",L14,"!V:V)") -> SUMIF(EFACT_CNE!B:B,Reliquidacion!B14,EFACT_CNE!V:V) | R14: =CONCATENATE("IFERROR((Q",A14,"/P",A14,"),0)") -> IFERROR((Q14/P14),0) | S14: =CONCATENATE("(N",A14,"+Q",A14,")") -> (N14+Q14) | U14: 43497 | V14: =CONCATENATE("(S",A14,"-J",A14,")") -> (S14-J14) | W14: PNP_6T_08-05-2020 | X14: 44137 | Y14: 0.0361 | Z14: 43549 | AA14: =AA13 -> 44377 | AB14: =CONCATENATE("(AA",A14,"-Z",A14,")") -> (AA14-Z14) | AC14: =CONCATENATE("(1+Y",A14,")^(AB",A14,"/360)-1") -> (1+Y14)^(AB14/360)-1 | AD14: =CONCATENATE("(AC",A14,"*V",A14,")") -> (AC14*V14) | AE14: =CONCATENATE("(V",A14,"+AD",A14,")") -> (V14+AD14)
A15: =A14+1 -> 15 | B15: 43525 | C15: FACT_EMITIDA | D15: =CONCATENATE("SUMIF(",IF(C15="FACT_EMITIDA","SIGGE_E",C15),"!B:B,Reliquidacion!B",A15,",",IF(C15="FACT_EMITIDA","SIGGE_E",C15),"!S:S)") -> SUMIF(SIGGE_E!B:B,Reliquidacion!B15,SIGGE_E!S:S) | E15: =CONCATENATE("SUMIF(",IF(C15="FACT_EMITIDA","SIGGE_E",C15),"!B:B,Reliquidacion!B",A15,",",IF(C15="FACT_EMITIDA","SIGGE_E",C15),"!T:T)") -> SUMIF(SIGGE_E!B:B,Reliquidacion!B15,SIGGE_E!T:T) | F15: =CONCATENATE("IFERROR((E",A15,"/D",A15,"),0)") -> IFERROR((E15/D15),0) | G15: =CONCATENATE("SUMIF(",IF(C15="FACT_EMITIDA","SIGGE_P",C15),"!B:B,Reliquidacion!B",A15,",",IF(C15="FACT_EMITIDA","SIGGE_P",C15),"!U:U)") -> SUMIF(SIGGE_P!B:B,Reliquidacion!B15,SIGGE_P!U:U) | H15: =CONCATENATE("SUMIF(",IF(C15="FACT_EMITIDA","SIGGE_P",C15),"!B:B,Reliquidacion!B",A15,",",IF(C15="FACT_EMITIDA","SIGGE_P",C15),"!V:V)") -> SUMIF(SIGGE_P!B:B,Reliquidacion!B15,SIGGE_P!V:V) | I15: =CONCATENATE("IFERROR((H",A15,"/G",A15,"),0)") -> IFERROR((H15/G15),0) | J15: =CONCATENATE("(E",A15,"+H",A15,")") -> (E15+H15) | L15: =(MAPA_DATA!K40) -> EFACT_CNE | M15: =CONCATENATE("SUMIF(",L15,"!B:B,Reliquidacion!B",A15,",",L15,"!S:S)") -> SUMIF(EFACT_CNE!B:B,Reliquidacion!B15,EFACT_CNE!S:S) | N15: =CONCATENATE("SUMIF(",L15,"!B:B,Reliquidacion!B",A15,",",L15,"!T:T)") -> SUMIF(EFACT_CNE!B:B,Reliquidacion!B15,EFACT_CNE!T:T) | O15: =CONCATENATE("IFERROR((N",A15,"/M",A15,"),0)") -> IFERROR((N15/M15),0) | P15: =CONCATENATE("SUMIF(",L15,"!B:B,Reliquidacion!B",A15,",",L15,"!U:U)") -> SUMIF(EFACT_CNE!B:B,Reliquidacion!B15,EFACT_CNE!U:U) | Q15: =CONCATENATE("SUMIF(",L15,"!B:B,Reliquidacion!B",A15,",",L15,"!V:V)") -> SUMIF(EFACT_CNE!B:B,Reliquidacion!B15,EFACT_CNE!V:V) | R15: =CONCATENATE("IFERROR((Q",A15,"/P",A15,"),0)") -> IFERROR((Q15/P15),0) | S15: =CONCATENATE("(N",A15,"+Q",A15,")") -> (N15+Q15) | U15: 43525 | V15: =CONCATENATE("(S",A15,"-J",A15,")") -> (S15-J15) | W15: PNP_6T_08-05-2020 | X15: 44137 | Y15: 0.0361 | Z15: 43580 | AA15: =AA14 -> 44377 | AB15: =CONCATENATE("(AA",A15,"-Z",A15,")") -> (AA15-Z15) | AC15: =CONCATENATE("(1+Y",A15,")^(AB",A15,"/360)-1") -> (1+Y15)^(AB15/360)-1 | AD15: =CONCATENATE("(AC",A15,"*V",A15,")") -> (AC15*V15) | AE15: =CONCATENATE("(V",A15,"+AD",A15,")") -> (V15+AD15)
A16: =A15+1 -> 16 | B16: 43556 | C16: FACT_EMITIDA | D16: =CONCATENATE("SUMIF(",IF(C16="FACT_EMITIDA","SIGGE_E",C16),"!B:B,Reliquidacion!B",A16,",",IF(C16="FACT_EMITIDA","SIGGE_E",C16),"!S:S)") -> SUMIF(SIGGE_E!B:B,Reliquidacion!B16,SIGGE_E!S:S) | E16: =CONCATENATE("SUMIF(",IF(C16="FACT_EMITIDA","SIGGE_E",C16),"!B:B,Reliquidacion!B",A16,",",IF(C16="FACT_EMITIDA","SIGGE_E",C16),"!T:T)") -> SUMIF(SIGGE_E!B:B,Reliquidacion!B16,SIGGE_E!T:T) | F16: =CONCATENATE("IFERROR((E",A16,"/D",A16,"),0)") -> IFERROR((E16/D16),0) | G16: =CONCATENATE("SUMIF(",IF(C16="FACT_EMITIDA","SIGGE_P",C16),"!B:B,Reliquidacion!B",A16,",",IF(C16="FACT_EMITIDA","SIGGE_P",C16),"!U:U)") -> SUMIF(SIGGE_P!B:B,Reliquidacion!B16,SIGGE_P!U:U) | H16: =CONCATENATE("SUMIF(",IF(C16="FACT_EMITIDA","SIGGE_P",C16),"!B:B,Reliquidacion!B",A16,",",IF(C16="FACT_EMITIDA","SIGGE_P",C16),"!V:V)") -> SUMIF(SIGGE_P!B:B,Reliquidacion!B16,SIGGE_P!V:V) | I16: =CONCATENATE("IFERROR((H",A16,"/G",A16,"),0)") -> IFERROR((H16/G16),0) | J16: =CONCATENATE("(E",A16,"+H",A16,")") -> (E16+H16) | L16: =(MAPA_DATA!K41) -> EFACT_CNE | M16: =CONCATENATE("SUMIF(",L16,"!B:B,Reliquidacion!B",A16,",",L16,"!S:S)") -> SUMIF(EFACT_CNE!B:B,Reliquidacion!B16,EFACT_CNE!S:S) | N16: =CONCATENATE("SUMIF(",L16,"!B:B,Reliquidacion!B",A16,",",L16,"!T:T)") -> SUMIF(EFACT_CNE!B:B,Reliquidacion!B16,EFACT_CNE!T:T) | O16: =CONCATENATE("IFERROR((N",A16,"/M",A16,"),0)") -> IFERROR((N16/M16),0) | P16: =CONCATENATE("SUMIF(",L16,"!B:B,Reliquidacion!B",A16,",",L16,"!U:U)") -> SUMIF(EFACT_CNE!B:B,Reliquidacion!B16,EFACT_CNE!U:U) | Q16: =CONCATENATE("SUMIF(",L16,"!B:B,Reliquidacion!B",A16,",",L16,"!V:V)") -> SUMIF(EFACT_CNE!B:B,Reliquidacion!B16,EFACT_CNE!V:V) | R16: =CONCATENATE("IFERROR((Q",A16,"/P",A16,"),0)") -> IFERROR((Q16/P16),0) | S16: =CONCATENATE("(N",A16,"+Q",A16,")") -> (N16+Q16) | U16: 43556 | V16: =CONCATENATE("(S",A16,"-J",A16,")") -> (S16-J16) | W16: PNP_6T_08-05-2020 | X16: 44137 | Y16: 0.0361 | Z16: 43610 | AA16: =AA15 -> 44377 | AB16: =CONCATENATE("(AA",A16,"-Z",A16,")") -> (AA16-Z16) | AC16: =CONCATENATE("(1+Y",A16,")^(AB",A16,"/360)-1") -> (1+Y16)^(AB16/360)-1 | AD16: =CONCATENATE("(AC",A16,"*V",A16,")") -> (AC16*V16) | AE16: =CONCATENATE("(V",A16,"+AD",A16,")") -> (V16+AD16)
A17: =A16+1 -> 17 | B17: 43586 | C17: FACT_EMITIDA | D17: =CONCATENATE("SUMIF(",IF(C17="FACT_EMITIDA","SIGGE_E",C17),"!B:B,Reliquidacion!B",A17,",",IF(C17="FACT_EMITIDA","SIGGE_E",C17),"!S:S)") -> SUMIF(SIGGE_E!B:B,Reliquidacion!B17,SIGGE_E!S:S) | E17: =CONCATENATE("SUMIF(",IF(C17="FACT_EMITIDA","SIGGE_E",C17),"!B:B,Reliquidacion!B",A17,",",IF(C17="FACT_EMITIDA","SIGGE_E",C17),"!T:T)") -> SUMIF(SIGGE_E!B:B,Reliquidacion!B17,SIGGE_E!T:T) | F17: =CONCATENATE("IFERROR((E",A17,"/D",A17,"),0)") -> IFERROR((E17/D17),0) | G17: =CONCATENATE("SUMIF(",IF(C17="FACT_EMITIDA","SIGGE_P",C17),"!B:B,Reliquidacion!B",A17,",",IF(C17="FACT_EMITIDA","SIGGE_P",C17),"!U:U)") -> SUMIF(SIGGE_P!B:B,Reliquidacion!B17,SIGGE_P!U:U) | H17: =CONCATENATE("SUMIF(",IF(C17="FACT_EMITIDA","SIGGE_P",C17),"!B:B,Reliquidacion!B",A17,",",IF(C17="FACT_EMITIDA","SIGGE_P",C17),"!V:V)") -> SUMIF(SIGGE_P!B:B,Reliquidacion!B17,SIGGE_P!V:V) | I17: =CONCATENATE("IFERROR((H",A17,"/G",A17,"),0)") -> IFERROR((H17/G17),0) | J17: =CONCATENATE("(E",A17,"+H",A17,")") -> (E17+H17) | L17: =(MAPA_DATA!K42) -> EFACT_CNE | M17: =CONCATENATE("SUMIF(",L17,"!B:B,Reliquidacion!B",A17,",",L17,"!S:S)") -> SUMIF(EFACT_CNE!B:B,Reliquidacion!B17,EFACT_CNE!S:S) | N17: =CONCATENATE("SUMIF(",L17,"!B:B,Reliquidacion!B",A17,",",L17,"!T:T)") -> SUMIF(EFACT_CNE!B:B,Reliquidacion!B17,EFACT_CNE!T:T) | O17: =CONCATENATE("IFERROR((N",A17,"/M",A17,"),0)") -> IFERROR((N17/M17),0) | P17: =CONCATENATE("SUMIF(",L17,"!B:B,Reliquidacion!B",A17,",",L17,"!U:U)") -> SUMIF(EFACT_CNE!B:B,Reliquidacion!B17,EFACT_CNE!U:U) | Q17: =CONCATENATE("SUMIF(",L17,"!B:B,Reliquidacion!B",A17,",",L17,"!V:V)") -> SUMIF(EFACT_CNE!B:B,Reliquidacion!B17,EFACT_CNE!V:V) | R17: =CONCATENATE("IFERROR((Q",A17,"/P",A17,"),0)") -> IFERROR((Q17/P17),0) | S17: =CONCATENATE("(N",A17,"+Q",A17,")") -> (N17+Q17) | U17: 43586 | V17: =CONCATENATE("(S",A17,"-J",A17,")") -> (S17-J17) | W17: PNP_6T_08-05-2020 | X17: 44137 | Y17: 0.0361 | Z17: 43641 | AA17: =AA16 -> 44377 | AB17: =CONCATENATE("(AA",A17,"-Z",A17,")") -> (AA17-Z17) | AC17: =CONCATENATE("(1+Y",A17,")^(AB",A17,"/360)-1") -> (1+Y17)^(AB17/360)-1 | AD17: =CONCATENATE("(AC",A17,"*V",A17,")") -> (AC17*V17) | AE17: =CONCATENATE("(V",A17,"+AD",A17,")") -> (V17+AD17)
A18: =A17+1 -> 18 | B18: 43617 | C18: FACT_EMITIDA | D18: =CONCATENATE("SUMIF(",IF(C18="FACT_EMITIDA","SIGGE_E",C18),"!B:B,Reliquidacion!B",A18,",",IF(C18="FACT_EMITIDA","SIGGE_E",C18),"!S:S)") -> SUMIF(SIGGE_E!B:B,Reliquidacion!B18,SIGGE_E!S:S) | E18: =CONCATENATE("SUMIF(",IF(C18="FACT_EMITIDA","SIGGE_E",C18),"!B:B,Reliquidacion!B",A18,",",IF(C18="FACT_EMITIDA","SIGGE_E",C18),"!T:T)") -> SUMIF(SIGGE_E!B:B,Reliquidacion!B18,SIGGE_E!T:T) | F18: =CONCATENATE("IFERROR((E",A18,"/D",A18,"),0)") -> IFERROR((E18/D18),0) | G18: =CONCATENATE("SUMIF(",IF(C18="FACT_EMITIDA","SIGGE_P",C18),"!B:B,Reliquidacion!B",A18,",",IF(C18="FACT_EMITIDA","SIGGE_P",C18),"!U:U)") -> SUMIF(SIGGE_P!B:B,Reliquidacion!B18,SIGGE_P!U:U) | H18: =CONCATENATE("SUMIF(",IF(C18="FACT_EMITIDA","SIGGE_P",C18),"!B:B,Reliquidacion!B",A18,",",IF(C18="FACT_EMITIDA","SIGGE_P",C18),"!V:V)") -> SUMIF(SIGGE_P!B:B,Reliquidacion!B18,SIGGE_P!V:V) | I18: =CONCATENATE("IFERROR((H",A18,"/G",A18,"),0)") -> IFERROR((H18/G18),0) | J18: =CONCATENATE("(E",A18,"+H",A18,")") -> (E18+H18) | L18: =(MAPA_DATA!K43) -> EFACT_CNE | M18: =CONCATENATE("SUMIF(",L18,"!B:B,Reliquidacion!B",A18,",",L18,"!S:S)") -> SUMIF(EFACT_CNE!B:B,Reliquidacion!B18,EFACT_CNE!S:S) | N18: =CONCATENATE("SUMIF(",L18,"!B:B,Reliquidacion!B",A18,",",L18,"!T:T)") -> SUMIF(EFACT_CNE!B:B,Reliquidacion!B18,EFACT_CNE!T:T) | O18: =CONCATENATE("IFERROR((N",A18,"/M",A18,"),0)") -> IFERROR((N18/M18),0) | P18: =CONCATENATE("SUMIF(",L18,"!B:B,Reliquidacion!B",A18,",",L18,"!U:U)") -> SUMIF(EFACT_CNE!B:B,Reliquidacion!B18,EFACT_CNE!U:U) | Q18: =CONCATENATE("SUMIF(",L18,"!B:B,Reliquidacion!B",A18,",",L18,"!V:V)") -> SUMIF(EFACT_CNE!B:B,Reliquidacion!B18,EFACT_CNE!V:V) | R18: =CONCATENATE("IFERROR((Q",A18,"/P",A18,"),0)") -> IFERROR((Q18/P18),0) | S18: =CONCATENATE("(N",A18,"+Q",A18,")") -> (N18+Q18) | U18: 43617 | V18: =CONCATENATE("(S",A18,"-J",A18,")") -> (S18-J18) | W18: PNP_6T_08-05-2020 | X18: 44137 | Y18: 0.0361 | Z18: 43671 | AA18: =AA17 -> 44377 | AB18: =CONCATENATE("(AA",A18,"-Z",A18,")") -> (AA18-Z18) | AC18: =CONCATENATE("(1+Y",A18,")^(AB",A18,"/360)-1") -> (1+Y18)^(AB18/360)-1 | AD18: =CONCATENATE("(AC",A18,"*V",A18,")") -> (AC18*V18) | AE18: =CONCATENATE("(V",A18,"+AD",A18,")") -> (V18+AD18)
A19: =A18+1 -> 19 | B19: 43647 | C19: FACT_EMITIDA | D19: =CONCATENATE("SUMIF(",IF(C19="FACT_EMITIDA","SIGGE_E",C19),"!B:B,Reliquidacion!B",A19,",",IF(C19="FACT_EMITIDA","SIGGE_E",C19),"!S:S)") -> SUMIF(SIGGE_E!B:B,Reliquidacion!B19,SIGGE_E!S:S) | E19: =CONCATENATE("SUMIF(",IF(C19="FACT_EMITIDA","SIGGE_E",C19),"!B:B,Reliquidacion!B",A19,",",IF(C19="FACT_EMITIDA","SIGGE_E",C19),"!T:T)") -> SUMIF(SIGGE_E!B:B,Reliquidacion!B19,SIGGE_E!T:T) | F19: =CONCATENATE("IFERROR((E",A19,"/D",A19,"),0)") -> IFERROR((E19/D19),0) | G19: =CONCATENATE("SUMIF(",IF(C19="FACT_EMITIDA","SIGGE_P",C19),"!B:B,Reliquidacion!B",A19,",",IF(C19="FACT_EMITIDA","SIGGE_P",C19),"!U:U)") -> SUMIF(SIGGE_P!B:B,Reliquidacion!B19,SIGGE_P!U:U) | H19: =CONCATENATE("SUMIF(",IF(C19="FACT_EMITIDA","SIGGE_P",C19),"!B:B,Reliquidacion!B",A19,",",IF(C19="FACT_EMITIDA","SIGGE_P",C19),"!V:V)") -> SUMIF(SIGGE_P!B:B,Reliquidacion!B19,SIGGE_P!V:V) | I19: =CONCATENATE("IFERROR((H",A19,"/G",A19,"),0)") -> IFERROR((H19/G19),0) | J19: =CONCATENATE("(E",A19,"+H",A19,")") -> (E19+H19) | L19: =(MAPA_DATA!K44) -> EFACT_CNE | M19: =CONCATENATE("SUMIF(",L19,"!B:B,Reliquidacion!B",A19,",",L19,"!S:S)") -> SUMIF(EFACT_CNE!B:B,Reliquidacion!B19,EFACT_CNE!S:S) | N19: =CONCATENATE("SUMIF(",L19,"!B:B,Reliquidacion!B",A19,",",L19,"!T:T)") -> SUMIF(EFACT_CNE!B:B,Reliquidacion!B19,EFACT_CNE!T:T) | O19: =CONCATENATE("IFERROR((N",A19,"/M",A19,"),0)") -> IFERROR((N19/M19),0) | P19: =CONCATENATE("SUMIF(",L19,"!B:B,Reliquidacion!B",A19,",",L19,"!U:U)") -> SUMIF(EFACT_CNE!B:B,Reliquidacion!B19,EFACT_CNE!U:U) | Q19: =CONCATENATE("SUMIF(",L19,"!B:B,Reliquidacion!B",A19,",",L19,"!V:V)") -> SUMIF(EFACT_CNE!B:B,Reliquidacion!B19,EFACT_CNE!V:V) | R19: =CONCATENATE("IFERROR((Q",A19,"/P",A19,"),0)") -> IFERROR((Q19/P19),0) | S19: =CONCATENATE("(N",A19,"+Q",A19,")") -> (N19+Q19) | U19: 43647 | V19: =CONCATENATE("(S",A19,"-J",A19,")") -> (S19-J19) | W19: PNP_6T_08-05-2020 | X19: 44137 | Y19: 0.0361 | Z19: 43702 | AA19: =AA18 -> 44377 | AB19: =CONCATENATE("(AA",A19,"-Z",A19,")") -> (AA19-Z19) | AC19: =CONCATENATE("(1+Y",A19,")^(AB",A19,"/360)-1") -> (1+Y19)^(AB19/360)-1 | AD19: =CONCATENATE("(AC",A19,"*V",A19,")") -> (AC19*V19) | AE19: =CONCATENATE("(V",A19,"+AD",A19,")") -> (V19+AD19)
A20: =A19+1 -> 20 | B20: 43678 | C20: FACT_EMITIDA | D20: =CONCATENATE("SUMIF(",IF(C20="FACT_EMITIDA","SIGGE_E",C20),"!B:B,Reliquidacion!B",A20,",",IF(C20="FACT_EMITIDA","SIGGE_E",C20),"!S:S)") -> SUMIF(SIGGE_E!B:B,Reliquidacion!B20,SIGGE_E!S:S) | E20: =CONCATENATE("SUMIF(",IF(C20="FACT_EMITIDA","SIGGE_E",C20),"!B:B,Reliquidacion!B",A20,",",IF(C20="FACT_EMITIDA","SIGGE_E",C20),"!T:T)") -> SUMIF(SIGGE_E!B:B,Reliquidacion!B20,SIGGE_E!T:T) | F20: =CONCATENATE("IFERROR((E",A20,"/D",A20,"),0)") -> IFERROR((E20/D20),0) | G20: =CONCATENATE("SUMIF(",IF(C20="FACT_EMITIDA","SIGGE_P",C20),"!B:B,Reliquidacion!B",A20,",",IF(C20="FACT_EMITIDA","SIGGE_P",C20),"!U:U)") -> SUMIF(SIGGE_P!B:B,Reliquidacion!B20,SIGGE_P!U:U) | H20: =CONCATENATE("SUMIF(",IF(C20="FACT_EMITIDA","SIGGE_P",C20),"!B:B,Reliquidacion!B",A20,",",IF(C20="FACT_EMITIDA","SIGGE_P",C20),"!V:V)") -> SUMIF(SIGGE_P!B:B,Reliquidacion!B20,SIGGE_P!V:V) | I20: =CONCATENATE("IFERROR((H",A20,"/G",A20,"),0)") -> IFERROR((H20/G20),0) | J20: =CONCATENATE("(E",A20,"+H",A20,")") -> (E20+H20) | L20: =(MAPA_DATA!K45) -> EFACT_CNE | M20: =CONCATENATE("SUMIF(",L20,"!B:B,Reliquidacion!B",A20,",",L20,"!S:S)") -> SUMIF(EFACT_CNE!B:B,Reliquidacion!B20,EFACT_CNE!S:S) | N20: =CONCATENATE("SUMIF(",L20,"!B:B,Reliquidacion!B",A20,",",L20,"!T:T)") -> SUMIF(EFACT_CNE!B:B,Reliquidacion!B20,EFACT_CNE!T:T) | O20: =CONCATENATE("IFERROR((N",A20,"/M",A20,"),0)") -> IFERROR((N20/M20),0) | P20: =CONCATENATE("SUMIF(",L20,"!B:B,Reliquidacion!B",A20,",",L20,"!U:U)") -> SUMIF(EFACT_CNE!B:B,Reliquidacion!B20,EFACT_CNE!U:U) | Q20: =CONCATENATE("SUMIF(",L20,"!B:B,Reliquidacion!B",A20,",",L20,"!V:V)") -> SUMIF(EFACT_CNE!B:B,Reliquidacion!B20,EFACT_CNE!V:V) | R20: =CONCATENATE("IFERROR((Q",A20,"/P",A20,"),0)") -> IFERROR((Q20/P20),0) | S20: =CONCATENATE("(N",A20,"+Q",A20,")") -> (N20+Q20) | U20: 43678 | V20: =CONCATENATE("(S",A20,"-J",A20,")") -> (S20-J20) | W20: PNP_6T_08-05-2020 | X20: 44137 | Y20: 0.0361 | Z20: 43733 | AA20: =AA19 -> 44377 | AB20: =CONCATENATE("(AA",A20,"-Z",A20,")") -> (AA20-Z20) | AC20: =CONCATENATE("(1+Y",A20,")^(AB",A20,"/360)-1") -> (1+Y20)^(AB20/360)-1 | AD20: =CONCATENATE("(AC",A20,"*V",A20,")") -> (AC20*V20) | AE20: =CONCATENATE("(V",A20,"+AD",A20,")") -> (V20+AD20)
A21: =A20+1 -> 21 | B21: 43709 | C21: FACT_EMITIDA | D21: =CONCATENATE("SUMIF(",IF(C21="FACT_EMITIDA","SIGGE_E",C21),"!B:B,Reliquidacion!B",A21,",",IF(C21="FACT_EMITIDA","SIGGE_E",C21),"!S:S)") -> SUMIF(SIGGE_E!B:B,Reliquidacion!B21,SIGGE_E!S:S) | E21: =CONCATENATE("SUMIF(",IF(C21="FACT_EMITIDA","SIGGE_E",C21),"!B:B,Reliquidacion!B",A21,",",IF(C21="FACT_EMITIDA","SIGGE_E",C21),"!T:T)") -> SUMIF(SIGGE_E!B:B,Reliquidacion!B21,SIGGE_E!T:T) | F21: =CONCATENATE("IFERROR((E",A21,"/D",A21,"),0)") -> IFERROR((E21/D21),0) | G21: =CONCATENATE("SUMIF(",IF(C21="FACT_EMITIDA","SIGGE_P",C21),"!B:B,Reliquidacion!B",A21,",",IF(C21="FACT_EMITIDA","SIGGE_P",C21),"!U:U)") -> SUMIF(SIGGE_P!B:B,Reliquidacion!B21,SIGGE_P!U:U) | H21: =CONCATENATE("SUMIF(",IF(C21="FACT_EMITIDA","SIGGE_P",C21),"!B:B,Reliquidacion!B",A21,",",IF(C21="FACT_EMITIDA","SIGGE_P",C21),"!V:V)") -> SUMIF(SIGGE_P!B:B,Reliquidacion!B21,SIGGE_P!V:V) | I21: =CONCATENATE("IFERROR((H",A21,"/G",A21,"),0)") -> IFERROR((H21/G21),0) | J21: =CONCATENATE("(E",A21,"+H",A21,")") -> (E21+H21) | L21: =(MAPA_DATA!K46) -> EFACT_CNE | M21: =CONCATENATE("SUMIF(",L21,"!B:B,Reliquidacion!B",A21,",",L21,"!S:S)") -> SUMIF(EFACT_CNE!B:B,Reliquidacion!B21,EFACT_CNE!S:S) | N21: =CONCATENATE("SUMIF(",L21,"!B:B,Reliquidacion!B",A21,",",L21,"!T:T)") -> SUMIF(EFACT_CNE!B:B,Reliquidacion!B21,EFACT_CNE!T:T) | O21: =CONCATENATE("IFERROR((N",A21,"/M",A21,"),0)") -> IFERROR((N21/M21),0) | P21: =CONCATENATE("SUMIF(",L21,"!B:B,Reliquidacion!B",A21,",",L21,"!U:U)") -> SUMIF(EFACT_CNE!B:B,Reliquidacion!B21,EFACT_CNE!U:U) | Q21: =CONCATENATE("SUMIF(",L21,"!B:B,Reliquidacion!B",A21,",",L21,"!V:V)") -> SUMIF(EFACT_CNE!B:B,Reliquidacion!B21,EFACT_CNE!V:V) | R21: =CONCATENATE("IFERROR((Q",A21,"/P",A21,"),0)") -> IFERROR((Q21/P21),0) | S21: =CONCATENATE("(N",A21,"+Q",A21,")") -> (N21+Q21) | U21: 43709 | V21: =CONCATENATE("(S",A21,"-J",A21,")") -> (S21-J21) | W21: PNP_6T_08-05-2020 | X21: 44137 | Y21: 0.0361 | Z21: 43763 | AA21: =AA20 -> 44377 | AB21: =CONCATENATE("(AA",A21,"-Z",A21,")") -> (AA21-Z21) | AC21: =CONCATENATE("(1+Y",A21,")^(AB",A21,"/360)-1") -> (1+Y21)^(AB21/360)-1 | AD21: =CONCATENATE("(AC",A21,"*V",A21,")") -> (AC21*V21) | AE21: =CONCATENATE("(V",A21,"+AD",A21,")") -> (V21+AD21)
... A33: =A32+1 -> 33 | B33: 44075 | C33: FACT_EMITIDA | D33: =CONCATENATE("SUMIF(",IF(C33="FACT_EMITIDA","SIGGE_E",C33),"!B:B,Reliquidacion!B",A33,",",IF(C33="FACT_EMITIDA","SIGGE_E",C33),"!S:S)") -> SUMIF(SIGGE_E!B:B,Reliquidacion!B33,SIGGE_E!S:S) | E33: =CONCATENATE("SUMIF(",IF(C33="FACT_EMITIDA","SIGGE_E",C33),"!B:B,Reliquidacion!B",A33,",",IF(C33="FACT_EMITIDA","SIGGE_E",C33),"!T:T)") -> SUMIF(SIGGE_E!B:B,Reliquidacion!B33,SIGGE_E!T:T) | F33: =CONCATENATE("IFERROR((E",A33,"/D",A33,"),0)") -> IFERROR((E33/D33),0) | G33: =CONCATENATE("SUMIF(",IF(C33="FACT_EMITIDA","SIGGE_P",C33),"!B:B,Reliquidacion!B",A33,",",IF(C33="FACT_EMITIDA","SIGGE_P",C33),"!U:U)") -> SUMIF(SIGGE_P!B:B,Reliquidacion!B33,SIGGE_P!U:U) | H33: =CONCATENATE("SUMIF(",IF(C33="FACT_EMITIDA","SIGGE_P",C33),"!B:B,Reliquidacion!B",A33,",",IF(C33="FACT_EMITIDA","SIGGE_P",C33),"!V:V)") -> SUMIF(SIGGE_P!B:B,Reliquidacion!B33,SIGGE_P!V:V) | I33: =CONCATENATE("IFERROR((H",A33,"/G",A33,"),0)") -> IFERROR((H33/G33),0) | J33: =CONCATENATE("(E",A33,"+H",A33,")") -> (E33+H33) | L33: =(MAPA_DATA!K58) -> EFACT_CNE | M33: =CONCATENATE("SUMIF(",L33,"!B:B,Reliquidacion!B",A33,",",L33,"!S:S)") -> SUMIF(EFACT_CNE!B:B,Reliquidacion!B33,EFACT_CNE!S:S) | N33: =CONCATENATE("SUMIF(",L33,"!B:B,Reliquidacion!B",A33,",",L33,"!T:T)") -> SUMIF(EFACT_CNE!B:B,Reliquidacion!B33,EFACT_CNE!T:T) | O33: =CONCATENATE("IFERROR((N",A33,"/M",A33,"),0)") -> IFERROR((N33/M33),0) | P33: =CONCATENATE("SUMIF(",L33,"!B:B,Reliquidacion!B",A33,",",L33,"!U:U)") -> SUMIF(EFACT_CNE!B:B,Reliquidacion!B33,EFACT_CNE!U:U) | Q33: =CONCATENATE("SUMIF(",L33,"!B:B,Reliquidacion!B",A33,",",L33,"!V:V)") -> SUMIF(EFACT_CNE!B:B,Reliquidacion!B33,EFACT_CNE!V:V) | R33: =CONCATENATE("IFERROR((Q",A33,"/P",A33,"),0)") -> IFERROR((Q33/P33),0) | S33: =CONCATENATE("(N",A33,"+Q",A33,")") -> (N33+Q33) | U33: 44075 | V33: =CONCATENATE("(S",A33,"-J",A33,")") -> (S33-J33) | W33: PNP_19T_30-12-2020 | X33: 44336 | Y33: 0.0328 | Z33: 44129 | AA33: =AA32 -> 44377 | AB33: =CONCATENATE("(AA",A33,"-Z",A33,")") -> (AA33-Z33) | AC33: =CONCATENATE("(1+Y",A33,")^(AB",A33,"/360)-1") -> (1+Y33)^(AB33/360)-1 | AD33: =CONCATENATE("(AC",A33,"*V",A33,")") -> (AC33*V33) | AE33: =CONCATENATE("(V",A33,"+AD",A33,")") -> (V33+AD33)
AD34: Reliquidación | AE34: =CONCATENATE("SUM(AE9:AE65)") -> SUM(AE9:AE65)
AC36: Montos a favor | AD36: ACCIONA emite factura
AC37: Montos en contra | AD37: ACCIONA emite nota de crédito

Sheet FACT_EMITIDA
A1: Periodo | B1: MesDevengado | C1: Nombre | D1: Concepto | E1: Agrupacion | F1: Glosa | G1: FechaCarga | H1: TipoDocumento | I1: Folio | J1: Vendedor | K1: Comprador | L1: Bloque | M1: Empresa | N1: ClaveEEDD | O1: Licitacion | P1: NomAgrupacion | Q1: Num | R1: Barra | S1: Energia | T1: PrecioEnergia | U1: Potencia | V1: PrecioPotencia | W1: Monto
A2: 43344 | B2: 43344 | C2: Licitación Caren y Cec (SIC 2013/03-2) BS1A | D2: Energia Licitaciones | E2: Energía | F2: Lic. SIC 2013/03-2 bloques BS1A: Energía sep 2018 | G2: 43392 | H2: 33 | I2: 6305 | J2: s | K2: s | L2: BS1A | M2: Caren | N2: Cec | O2: 41335 | P2: CEC | Q2: 1 | R2: TotalBarras | S2: 3000 | T2: 58.085 | U2: NULL | V2: NULL | W2: 174255
A3: 43374 | B3: 43374 | C3: Licitación Caren y Cec (SIC 2013/03-2) BS1A | D3: Energia Licitaciones | E3: Energía | F3: Lic. SIC 2013/03-2 bloques BS1A: Energía oct 2018 | G3: 43431 | H3: 33 | I3: 6796 | J3: s | K3: s | L3: BS1A | M3: Caren | N3: Cec | O3: 41335 | P3: CEC | Q3: 1 | R3: TotalBarras | S3: 3000 | T3: 59.678 | U3: NULL | V3: NULL | W3: 179035
A4: 43405 | B4: 43405 | C4: Licitación Caren y Cec (SIC 2013/03-2) BS1A | D4: Energia Licitaciones | E4: Energía | F4: Lic. SIC 2013/03-2 bloques BS1A: Energía nov 2018 | G4: 43448 | H4: 33 | I4: 6939 | J4: s | K4: s | L4: BS1A | M4: Caren | N4: Cec | O4: 41335 | P4: CEC | Q4: 1 | R4: TotalBarras | S4: 4000 | T4: 59.635 | U4: NULL | V4: NULL | W4: 238540
A5: 43435 | B5: 43435 | C5: Licitación Caren y Cec (SIC 2013/03-2) BS1A | D5: Energia Licitaciones | E5: Energía | F5: Lic. SIC 2013/03-2 bloques BS1A: Energía dic 2018 | G5: 43486 | H5: 33 | I5: 7194 | J5: s | K5: s | L5: BS1A | M5: Caren | N5: Cec | O5: 41335 | P5: CEC | Q5: 1 | R5: TotalBarras | S5: 5000 | T5: 67.951 | U5: NULL | V5: NULL | W5: 339757
A6: 43466 | B6: 43466 | C6: Licitación Caren y Cec (SIC 2013/03-2) BS1A | D6: Reliq. Energia Licitaciones | E6: Energía | F6: Lic. SIC 2013/03-2 bloques BS1A: Reliq. Energía ene 2019 | G6: 43539 | H6: 33 | I6: NULL | J6: s | K6: s | L6: BS1A | M6: Caren | N6: Cec | O6: 41335 | P6: CEC | Q6: 1 | R6: A.JAHUEL 220 | S6: 1.46188 | T6: 66.9 | U6: NULL | V6: NULL | W6: 98
A7: 43466 | B7: 43466 | C7: Licitación Caren y Cec (SIC 2013/03-2) BS1A | D7: Energia Licitaciones | E7: Energía | F7: Lic. SIC 2013/03-2 bloques BS1A: Energía ene 2019 | G7: 43504 | H7: 33 | I7: 7513 | J7: s | K7: s | L7: BS1A | M7: Caren | N7: Cec | O7: 41335 | P7: CEC | Q7: 1 | R7: A.JAHUEL 220 | S7: 1371.306 | T7: 66.9 | U7: NULL | V7: NULL | W7: 91740
A8: 43466 | B8: 43466 | C8: Licitación Caren y Cec (SIC 2013/03-2) BS1A | D8: Reliq. Energia Licitaciones | E8: Energía | F8: Lic. SIC 2013/03-2 bloques BS1A: Reliq. Energía ene 2019 | G8: 43539 | H8: 33 | I8: NULL | J8: s | K8: s | L8: BS1A | M8: Caren | N8: Cec | O8: 41335 | P8: CEC | Q8: 2 | R8: A.MELIP 220 | S8: 0.009388 | T8: 69.014 | U8: NULL | V8: NULL | W8: 1
A9: 43466 | B9: 43466 | C9: Licitación Caren y Cec (SIC 2013/03-2) BS1A | D9: Energia Licitaciones | E9: Energía | F9: Lic. SIC 2013/03-2 bloques BS1A: Energía ene 2019 | G9: 43504 | H9: 33 | I9: 7513 | J9: s | K9: s | L9: BS1A | M9: Caren | N9: Cec | O9: 41335 | P9: CEC | Q9: 2 | R9: A.MELIP 220 | S9: 8.806166 | T9: 69.014 | U9: NULL | V9: NULL | W9: 608
A10: 43466 | B10: 43466 | C10: Licitación Caren y Cec (SIC 2013/03-2) BS1A | D10: Reliq. Energia Licitaciones | E10: Energía | F10: Lic. SIC 2013/03-2 bloques BS1A: Reliq. Energía ene 2019 | G10: 43539 | H10: 33 | I10: NULL | J10: s | K10: s | L10: BS1A | M10: Caren | N10: Cec | O10: 41335 | P10: CEC | Q10: 3 | R10: CHARRUA 220 | S10: 0.453721 | T10: 63.27 | U10: NULL | V10: NULL | W10: 29
A11: 43466 | B11: 43466 | C11: Licitación Caren y Cec (SIC 2013/03-2) BS1A | D11: Energia Licitaciones | E11: Energía | F11: Lic. SIC 2013/03-2 bloques BS1A: Energía ene 2019 | G11: 43504 | H11: 33 | I11: 7513 | J11: s | K11: s | L11: BS1A | M11: Caren | N11: Cec | O11: 41335 | P11: CEC | Q11: 3 | R11: CHARRUA 220 | S11: 425.60961 | T11: 63.27 | U11: NULL | V11: NULL | W11: 26928
A12: 43466 | B12: 43466 | C12: Licitación Caren y Cec (SIC 2013/03-2) BS1A | D12: Reliq. Energia Licitaciones | E12: Energía | F12: Lic. SIC 2013/03-2 bloques BS1A: Reliq. Energía ene 2019 | G12: 43539 | H12: 33 | I12: NULL | J12: s | K12: s | L12: BS1A | M12: Caren | N12: Cec | O12: 41335 | P12: CEC | Q12: 4 | R12: ITAHUE 220 | S12: 2.212452 | T12: 65.349 | U12: NULL | V12: NULL | W12: 145
A13: 43466 | B13: 43466 | C13: Licitación Caren y Cec (SIC 2013/03-2) BS1A | D13: Energia Licitaciones | E13: Energía | F13: Lic. SIC 2013/03-2 bloques BS1A: Energía ene 2019 | G13: 43504 | H13: 33 | I13: 7513 | J13: s | K13: s | L13: BS1A | M13: Caren | N13: Cec | O13: 41335 | P13: CEC | Q13: 4 | R13: ITAHUE 220 | S13: 2075.374 | T13: 65.349 | U13: NULL | V13: NULL | W13: 135624
A14: 43466 | B14: 43466 | C14: Licitación Caren y Cec (SIC 2013/03-2) BS1A | D14: Reliq. Energia Licitaciones | E14: Energía | F14: Lic. SIC 2013/03-2 bloques BS1A: Reliq. Energía ene 2019 | G14: 43539 | H14: 33 | I14: NULL | J14: s | K14: s | L14: BS1A | M14: Caren | N14: Cec | O14: 41335 | P14: CEC | Q14: 5 | R14: RAPEL 220 | S14: 0.008637 | T14: 69.368 | U14: NULL | V14: NULL | W14: 1
A15: 43466 | B15: 43466 | C15: Licitación Caren y Cec (SIC 2013/03-2) BS1A | D15: Energia Licitaciones | E15: Energía | F15: Lic. SIC 2013/03-2 bloques BS1A: Energía ene 2019 | G15: 43504 | H15: 33 | I15: 7513 | J15: s | K15: s | L15: BS1A | M15: Caren | N15: Cec | O15: 41335 | P15: CEC | Q15: 5 | R15: RAPEL 220 | S15: 8.102057 | T15: 69.368 | U15: NULL | V15: NULL | W15: 562
A16: 43497 | B16: 43497 | C16: Licitación Caren y Cec (SIC 2013/03-2) BS1A | D16: Reliq. Energia Licitaciones | E16: Energía | F16: Lic. SIC 2013/03-2 bloques BS1A: Reliq. Energía feb 2019 | G16: 43564 | H16: 61 | I16: NULL | J16: s | K16: s | L16: BS1A | M16: Caren | N16: Cec | O16: 41335 | P16: CEC | Q16: 1 | R16: A.JAHUEL 220 | S16: 0.23349 | T16: 66.9 | U16: NULL | V16: NULL | W16: 16
A17: 43497 | B17: 43497 | C17: Licitación Caren y Cec (SIC 2013/03-2) BS1A | D17: Energia Licitaciones | E17: Energía | F17: Lic. SIC 2013/03-2 bloques BS1A: Energía feb 2019 | G17: 43532 | H17: 33 | I17: 7798 | J17: s | K17: s | L17: BS1A | M17: Caren | N17: Cec | O17: 41335 | P17: CEC | Q17: 1 | R17: A.JAHUEL 220 | S17: 1368.5299 | T17: 66.9 | U17: NULL | V17: NULL | W17: 91555
A18: 43497 | B18: 43497 | C18: Licitación Caren y Cec (SIC 2013/03-2) BS1A | D18: Energia Licitaciones | E18: Energía | F18: Lic. SIC 2013/03-2 bloques BS1A: Energía feb 2019 | G18: 43532 | H18: 33 | I18: 7798 | J18: s | K18: s | L18: BS1A | M18: Caren | N18: Cec | O18: 41335 | P18: CEC | Q18: 2 | R18: A.MELIP 220 | S18: 8.816632 | T18: 69.014 | U18: NULL | V18: NULL | W18: 608
A19: 43497 | B19: 43497 | C19: Licitación Caren y Cec (SIC 2013/03-2) BS1A | D19: Reliq. Energia Licitaciones | E19: Energía | F19: Lic. SIC 2013/03-2 bloques BS1A: Reliq. Energía feb 2019 | G19: 43564 | H19: 61 | I19: NULL | J19: s | K19: s | L19: BS1A | M19: Caren | N19: Cec | O19: 41335 | P19: CEC | Q19: 3 | R19: CHARRUA 220 | S19: 0.072089 | T19: 63.27 | U19: NULL | V19: NULL | W19: 5
A20: 43497 | B20: 43497 | C20: Licitación Caren y Cec (SIC 2013/03-2) BS1A | D20: Energia Licitaciones | E20: Energía | F20: Lic. SIC 2013/03-2 bloques BS1A: Energía feb 2019 | G20: 43532 | H20: 33 | I20: 7798 | J20: s | K20: s | L20: BS1A | M20: Caren | N20: Cec | O20: 41335 | P20: CEC | Q20: 3 | R20: CHARRUA 220 | S20: 422.52678 | T20: 63.27 | U20: NULL | V20: NULL | W20: 26733
A21: 43497 | B21: 43497 | C21: Licitación Caren y Cec (SIC 2013/03-2) BS1A | D21: Reliq. Energia Licitaciones | E21: Energía | F21: Lic. SIC 2013/03-2 bloques BS1A: Reliq. Energía feb 2019 | G21: 43564 | H21: 61 | I21: NULL | J21: s | K21: s | L21: BS1A | M21: Caren | N21: Cec | O21: 41335 | P21: CEC | Q21: 4 | R21: ITAHUE 220 | S21: 0.353269 | T21: 65.349 | U21: NULL | V21: NULL | W21: 23
A22: 43497 | B22: 43497 | C22: Licitación Caren y Cec (SIC 2013/03-2) BS1A | D22: Energia Licitaciones | E22: Energía | F22: Lic. SIC 2013/03-2 bloques BS1A: Energía feb 2019 | G22: 43532 | H22: 33 | I22: 7798 | J22: s | K22: s | L22: BS1A | M22: Caren | N22: Cec | O22: 41335 | P22: CEC | Q22: 4 | R22: ITAHUE 220 | S22: 2070.5801 | T22: 65.349 | U22: NULL | V22: NULL | W22: 135310
A23: 43497 | B23: 43497 | C23: Licitación Caren y Cec (SIC 2013/03-2) BS1A | D23: Energia Licitaciones | E23: Energía | F23: Lic. SIC 2013/03-2 bloques BS1A: Energía feb 2019 | G23: 43532 | H23: 33 | I23: 7798 | J23: s | K23: s | L23: BS1A | M23: Caren | N23: Cec | O23: 41335 | P23: CEC | Q23: 5 | R23: RAPEL 220 | S23: 8.102328 | T23: 69.368 | U23: NULL | V23: NULL | W23: 562
A24: 43525 | B24: 43525 | C24: Licitación Caren y Cec (SIC 2013/03-2) BS1A | D24: Reliq. Energia Licitaciones | E24: Energía | F24: Lic. SIC 2013/03-2 bloques BS1A: Reliq. Energía mar 2019 | G24: 43598 | H24: 33 | I24: NULL | J24: s | K24: s | L24: BS1A | M24: Caren | N24: Cec | O24: 41335 | P24: CEC | Q24: 1 | R24: A.JAHUEL 220 | S24: 0.580609 | T24: 66.9 | U24: NULL | V24: NULL | W24: 39
A25: 43525 | B25: 43525 | C25: Licitación Caren y Cec (SIC 2013/03-2) BS1A | D25: Energia Licitaciones | E25: Energía | F25: Lic. SIC 2013/03-2 bloques BS1A: Energía mar 2019 | G25: 43563 | H25: 33 | I25: 8389 | J25: s | K25: s | L25: BS1A | M25: Caren | N25: Cec | O25: 41335 | P25: CEC | Q25: 1 | R25: A.JAHUEL 220 | S25: 1311.6233 | T25: 66.9 | U25: NULL | V25: NULL | W25: 87748
A26: 43525 | B26: 43525 | C26: Licitación Caren y Cec (SIC 2013/03-2) BS1A | D26: Energia Licitaciones | E26: Energía | F26: Lic. SIC 2013/03-2 bloques BS1A: Energía mar 2019 | G26: 43563 | H26: 33 | I26: 8389 | J26: s | K26: s | L26: BS1A | M26: Caren | N26: Cec | O26: 41335 | P26: CEC | Q26: 2 | R26: A.MELIP 220 | S26: 8.173697 | T26: 69.014 | U26: NULL | V26: NULL | W26: 564
A27: 43525 | B27: 43525 | C27: Licitación Caren y Cec (SIC 2013/03-2) BS1A | D27: Reliq. Energia Licitaciones | E27: Energía | F27: Lic. SIC 2013/03-2 bloques BS1A: Reliq. Energía mar 2019 | G27: 43598 | H27: 33 | I27: NULL | J27: s | K27: s | L27: BS1A | M27: Caren | N27: Cec | O27: 41335 | P27: CEC | Q27: 3 | R27: CHARRUA 220 | S27: 0.178218 | T27: 63.27 | U27: NULL | V27: NULL | W27: 11
A28: 43525 | B28: 43525 | C28: Licitación Caren y Cec (SIC 2013/03-2) BS1A | D28: Energia Licitaciones | E28: Energía | F28: Lic. SIC 2013/03-2 bloques BS1A: Energía mar 2019 | G28: 43563 | H28: 33 | I28: 8389 | J28: s | K28: s | L28: BS1A | M28: Caren | N28: Cec | O28: 41335 | P28: CEC | Q28: 3 | R28: CHARRUA 220 | S28: 402.60399 | T28: 63.27 | U28: NULL | V28: NULL | W28: 25473
A29: 43525 | B29: 43525 | C29: Licitación Caren y Cec (SIC 2013/03-2) BS1A | D29: Reliq. Energia Licitaciones | E29: Energía | F29: Lic. SIC 2013/03-2 bloques BS1A: Reliq. Energía mar 2019 | G29: 43598 | H29: 33 | I29: NULL | J29: s | K29: s | L29: BS1A | M29: Caren | N29: Cec | O29: 41335 | P29: CEC | Q29: 4 | R29: ITAHUE 220 | S29: 0.87116 | T29: 65.349 | U29: NULL | V29: NULL | W29: 57
A30: 43525 | B30: 43525 | C30: Licitación Caren y Cec (SIC 2013/03-2) BS1A | D30: Energia Licitaciones | E30: Energía | F30: Lic. SIC 2013/03-2 bloques BS1A: Energía mar 2019 | G30: 43563 | H30: 33 | I30: 8389 | J30: s | K30: s | L30: BS1A | M30: Caren | N30: Cec | O30: 41335 | P30: CEC | Q30: 4 | R30: ITAHUE 220 | S30: 1967.9945 | T30: 65.349 | U30: NULL | V30: NULL | W30: 128606
A31: 43525 | B31: 43525 | C31: Licitación Caren y Cec (SIC 2013/03-2) BS1A | D31: Energia Licitaciones | E31: Energía | F31: Lic. SIC 2013/03-2 bloques BS1A: Energía mar 2019 | G31: 43563 | H31: 33 | I31: 8389 | J31: s | K31: s | L31: BS1A | M31: Caren | N31: Cec | O31: 41335 | P31: CEC | Q31: 5 | R31: RAPEL 220 | S31: 7.514895 | T31: 69.368 | U31: NULL | V31: NULL | W31: 521
A32: 43556 | B32: 43556 | C32: Licitación Caren y Cec (SIC 2013/03-2) BS1A | D32: Potencia Licitaciones | E32: Potencia | F32: Lic. SIC 2013/03-2 bloques BS1A: Potencia abr 2019 | G32: 43598 | H32: 33 | I32: 8451 | J32: s | K32: s | L32: BS1A | M32: Caren | N32: Cec | O32: 41335 | P32: CEC | Q32: 1 | R32: A.JAHUEL 220 | S32: NULL | T32: NULL | U32: 0 | V32: 0 | W32: 0
A33: 43556 | B33: 43556 | C33: Licitación Caren y Cec (SIC 2013/03-2) BS1A | D33: Reliq. Energia Licitaciones | E33: Energía | F33: Lic. SIC 2013/03-2 bloques BS1A: Reliq. Energía abr 2019 | G33: 43913.498 | H33: 61 | I33: NULL | J33: s | K33: s | L33: BS1A | M33: Caren | N33: Cec | O33: 41335 | P33: CEC | Q33: 1 | R33: A.JAHUEL 220 | S33: 1 | T33: -1091 | U33: NULL | V33: NULL | W33: -1091
A34: 43556 | B34: 43556 | C34: Licitación Caren y Cec (SIC 2013/03-2) BS1A | D34: Energia Licitaciones | E34: Energía | F34: Lic. SIC 2013/03-2 bloques BS1A: Energía abr 2019 | G34: 43598 | H34: 33 | I34: 8451 | J34: s | K34: s | L34: BS1A | M34: Caren | N34: Cec | O34: 41335 | P34: CEC | Q34: 1 | R34: A.JAHUEL 220 | S34: 897.9651 | T34: 66.9 | U34: NULL | V34: NULL | W34: 60074
A35: 43556 | B35: 43556 | C35: Licitación Caren y Cec (SIC 2013/03-2) BS1A | D35: Potencia Licitaciones | E35: Potencia | F35: Lic. SIC 2013/03-2 bloques BS1A: Potencia abr 2019 | G35: 43598 | H35: 33 | I35: 8451 | J35: s | K35: s | L35: BS1A | M35: Caren | N35: Cec | O35: 41335 | P35: CEC | Q35: 2 | R35: A.MELIP 220 | S35: NULL | T35: NULL | U35: 0 | V35: 0 | W35: 0
A36: 43556 | B36: 43556 | C36: Licitación Caren y Cec (SIC 2013/03-2) BS1A | D36: Reliq. Energia Licitaciones | E36: Energía | F36: Lic. SIC 2013/03-2 bloques BS1A: Reliq. Energía abr 2019 | G36: 43913.498 | H36: 61 | I36: NULL | J36: s | K36: s | L36: BS1A | M36: Caren | N36: Cec | O36: 41335 | P36: CEC | Q36: 2 | R36: A.MELIP 220 | S36: 1 | T36: -8 | U36: NULL | V36: NULL | W36: -8
A37: 43556 | B37: 43556 | C37: Licitación Caren y Cec (SIC 2013/03-2) BS1A | D37: Energia Licitaciones | E37: Energía | F37: Lic. SIC 2013/03-2 bloques BS1A: Energía abr 2019 | G37: 43598 | H37: 33 | I37: 8451 | J37: s | K37: s | L37: BS1A | M37: Caren | N37: Cec | O37: 41335 | P37: CEC | Q37: 2 | R37: A.MELIP 220 | S37: 5.912451 | T37: 69.014 | U37: NULL | V37: NULL | W37: 408
A38: 43556 | B38: 43556 | C38: Licitación Caren y Cec (SIC 2013/03-2) BS1A | D38: Potencia Licitaciones | E38: Potencia | F38: Lic. SIC 2013/03-2 bloques BS1A: Potencia abr 2019 | G38: 43598 | H38: 33 | I38: 8451 | J38: s | K38: s | L38: BS1A | M38: Caren | N38: Cec | O38: 41335 | P38: CEC | Q38: 3 | R38: CHARRUA 220 | S38: NULL | T38: NULL | U38: 0 | V38: 0 | W38: 0
A39: 43556 | B39: 43556 | C39: Licitación Caren y Cec (SIC 2013/03-2) BS1A | D39: Reliq. Energia Licitaciones | E39: Energía | F39: Lic. SIC 2013/03-2 bloques BS1A: Reliq. Energía abr 2019 | G39: 43913.498 | H39: 61 | I39: NULL | J39: s | K39: s | L39: BS1A | M39: Caren | N39: Cec | O39: 41335 | P39: CEC | Q39: 3 | R39: CHARRUA 220 | S39: 1 | T39: -327 | U39: NULL | V39: NULL | W39: -327
A40: 43556 | B40: 43556 | C40: Licitación Caren y Cec (SIC 2013/03-2) BS1A | D40: Energia Licitaciones | E40: Energía | F40: Lic. SIC 2013/03-2 bloques BS1A: Energía abr 2019 | G40: 43598 | H40: 33 | I40: 8451 | J40: s | K40: s | L40: BS1A | M40: Caren | N40: Cec | O40: 41335 | P40: CEC | Q40: 3 | R40: CHARRUA 220 | S40: 278.37089 | T40: 63.27 | U40: NULL | V40: NULL | W40: 17613
A41: 43556 | B41: 43556 | C41: Licitación Caren y Cec (SIC 2013/03-2) BS1A | D41: Potencia Licitaciones | E41: Potencia | F41: Lic. SIC 2013/03-2 bloques BS1A: Potencia abr 2019 | G41: 43598 | H41: 33 | I41: 8451 | J41: s | K41: s | L41: BS1A | M41: Caren | N41: Cec | O41: 41335 | P41: CEC | Q41: 4 | R41: ITAHUE 220 | S41: NULL | T41: NULL | U41: 0 | V41: 0 | W41: 0
A42: 43556 | B42: 43556 | C42: Licitación Caren y Cec (SIC 2013/03-2) BS1A | D42: Reliq. Energia Licitaciones | E42: Energía | F42: Lic. SIC 2013/03-2 bloques BS1A: Reliq. Energía abr 2019 | G42: 43913.498 | H42: 61 | I42: NULL | J42: s | K42: s | L42: BS1A | M42: Caren | N42: Cec | O42: 41335 | P42: CEC | Q42: 4 | R42: ITAHUE 220 | S42: 1 | T42: -1638 | U42: NULL | V42: NULL | W42: -1638
A43: 43556 | B43: 43556 | C43: Licitación Caren y Cec (SIC 2013/03-2) BS1A | D43: Energia Licitaciones | E43: Energía | F43: Lic. SIC 2013/03-2 bloques BS1A: Energía abr 2019 | G43: 43598 | H43: 33 | I43: 8451 | J43: s | K43: s | L43: BS1A | M43: Caren | N43: Cec | O43: 41335 | P43: CEC | Q43: 4 | R43: ITAHUE 220 | S43: 1366.2586 | T43: 65.349 | U43: NULL | V43: NULL | W43: 89284
A44: 43556 | B44: 43556 | C44: Licitación Caren y Cec (SIC 2013/03-2) BS1A | D44: Potencia Licitaciones | E44: Potencia | F44: Lic. SIC 2013/03-2 bloques BS1A: Potencia abr 2019 | G44: 43598 | H44: 33 | I44: 8451 | J44: s | K44: s | L44: BS1A | M44: Caren | N44: Cec | O44: 41335 | P44: CEC | Q44: 5 | R44: RAPEL 220 | S44: NULL | T44: NULL | U44: 0 | V44: 0 | W44: 0
A45: 43556 | B45: 43556 | C45: Licitación Caren y Cec (SIC 2013/03-2) BS1A | D45: Reliq. Energia Licitaciones | E45: Energía | F45: Lic. SIC 2013/03-2 bloques BS1A: Reliq. Energía abr 2019 | G45: 43913.498 | H45: 61 | I45: NULL | J45: s | K45: s | L45: BS1A | M45: Caren | N45: Cec | O45: 41335 | P45: CEC | Q45: 5 | R45: RAPEL 220 | S45: 1 | T45: -7 | U45: NULL | V45: NULL | W45: -7
A46: 43556 | B46: 43556 | C46: Licitación Caren y Cec (SIC 2013/03-2) BS1A | D46: Energia Licitaciones | E46: Energía | F46: Lic. SIC 2013/03-2 bloques BS1A: Energía abr 2019 | G46: 43598 | H46: 33 | I46: 8451 | J46: s | K46: s | L46: BS1A | M46: Caren | N46: Cec | O46: 41335 | P46: CEC | Q46: 5 | R46: RAPEL 220 | S46: 5.432024 | T46: 69.368 | U46: NULL | V46: NULL | W46: 377
A47: 43586 | B47: 43586 | C47: Licitación Caren y Cec (SIC 2013/03-2) BS1A | D47: Potencia Licitaciones | E47: Potencia | F47: Lic. SIC 2013/03-2 bloques BS1A: Potencia may 2019 | G47: 43627 | H47: 33 | I47: 8768 | J47: s | K47: s | L47: BS1A | M47: Caren | N47: Cec | O47: 41335 | P47: CEC | Q47: 1 | R47: A.JAHUEL 220 | S47: NULL | T47: NULL | U47: 0 | V47: 0 | W47: 0
A48: 43586 | B48: 43586 | C48: Licitación Caren y Cec (SIC 2013/03-2) BS1A | D48: Reliq. Energia Licitaciones | E48: Energía | F48: Lic. SIC 2013/03-2 bloques BS1A: Reliq. Energía may 2019 | G48: 43915.631 | H48: 61 | I48: NULL | J48: s | K48: s | L48: BS1A | M48: Caren | N48: Cec | O48: 41335 | P48: CEC | Q48: 1 | R48: A.JAHUEL 220 | S48: 1 | T48: -337 | U48: NULL | V48: NULL | W48: -337
A49: 43586 | B49: 43586 | C49: Licitación Caren y Cec (SIC 2013/03-2) BS1A | D49: Energia Licitaciones | E49: Energía | F49: Lic. SIC 2013/03-2 bloques BS1A: Energía may 2019 | G49: 43627 | H49: 33 | I49: 8768 | J49: s | K49: s | L49: BS1A | M49: Caren | N49: Cec | O49: 41335 | P49: CEC | Q49: 1 | R49: A.JAHUEL 220 | S49: 885.88967 | T49: 74.401 | U49: NULL | V49: NULL | W49: 65911
A50: 43586 | B50: 43586 | C50: Licitación Caren y Cec (SIC 2013/03-2) BS1A | D50: Potencia Licitaciones | E50: Potencia | F50: Lic. SIC 2013/03-2 bloques BS1A: Potencia may 2019 | G50: 43627 | H50: 33 | I50: 8768 | J50: s | K50: s | L50: BS1A | M50: Caren | N50: Cec | O50: 41335 | P50: CEC | Q50: 2 | R50: A.MELIP 220 | S50: NULL | T50: NULL | U50: 0 | V50: 0 | W50: 0
A51: 43586 | B51: 43586 | C51: Licitación Caren y Cec (SIC 2013/03-2) BS1A | D51: Reliq. Energia Licitaciones | E51: Energía | F51: Lic. SIC 2013/03-2 bloques BS1A: Reliq. Energía may 2019 | G51: 43915.631 | H51: 61 | I51: NULL | J51: s | K51: s | L51: BS1A | M51: Caren | N51: Cec | O51: 41335 | P51: CEC | Q51: 2 | R51: A.MELIP 220 | S51: 1 | T51: -2 | U51: NULL | V51: NULL | W51: -2
A52: 43586 | B52: 43586 | C52: Licitación Caren y Cec (SIC 2013/03-2) BS1A | D52: Energia Licitaciones | E52: Energía | F52: Lic. SIC 2013/03-2 bloques BS1A: Energía may 2019 | G52: 43627 | H52: 33 | I52: 8768 | J52: s | K52: s | L52: BS1A | M52: Caren | N52: Cec | O52: 41335 | P52: CEC | Q52: 2 | R52: A.MELIP 220 | S52: 5.728447 | T52: 75.737 | U52: NULL | V52: NULL | W52: 434
A53: 43586 | B53: 43586 | C53: Licitación Caren y Cec (SIC 2013/03-2) BS1A | D53: Potencia Licitaciones | E53: Potencia | F53: Lic. SIC 2013/03-2 bloques BS1A: Potencia may 2019 | G53: 43627 | H53: 33 | I53: 8768 | J53: s | K53: s | L53: BS1A | M53: Caren | N53: Cec | O53: 41335 | P53: CEC | Q53: 3 | R53: CHARRUA 220 | S53: NULL | T53: NULL | U53: 0 | V53: 0 | W53: 0
A54: 43586 | B54: 43586 | C54: Licitación Caren y Cec (SIC 2013/03-2) BS1A | D54: Reliq. Energia Licitaciones | E54: Energía | F54: Lic. SIC 2013/03-2 bloques BS1A: Reliq. Energía may 2019 | G54: 43915.631 | H54: 61 | I54: NULL | J54: s | K54: s | L54: BS1A | M54: Caren | N54: Cec | O54: 41335 | P54: CEC | Q54: 3 | R54: CHARRUA 220 | S54: 1 | T54: -99 | U54: NULL | V54: NULL | W54: -99
A55: 43586 | B55: 43586 | C55: Licitación Caren y Cec (SIC 2013/03-2) BS1A | D55: Energia Licitaciones | E55: Energía | F55: Lic. SIC 2013/03-2 bloques BS1A: Energía may 2019 | G55: 43627 | H55: 33 | I55: 8768 | J55: s | K55: s | L55: BS1A | M55: Caren | N55: Cec | O55: 41335 | P55: CEC | Q55: 3 | R55: CHARRUA 220 | S55: 273.81804 | T55: 70.437 | U55: NULL | V55: NULL | W55: 19287
A56: 43586 | B56: 43586 | C56: Licitación Caren y Cec (SIC 2013/03-2) BS1A | D56: Potencia Licitaciones | E56: Potencia | F56: Lic. SIC 2013/03-2 bloques BS1A: Potencia may 2019 | G56: 43627 | H56: 33 | I56: 8768 | J56: s | K56: s | L56: BS1A | M56: Caren | N56: Cec | O56: 41335 | P56: CEC | Q56: 4 | R56: ITAHUE 220 | S56: NULL | T56: NULL | U56: 0 | V56: 0 | W56: 0
A57: 43586 | B57: 43586 | C57: Licitación Caren y Cec (SIC 2013/03-2) BS1A | D57: Reliq. Energia Licitaciones | E57: Energía | F57: Lic. SIC 2013/03-2 bloques BS1A: Reliq. Energía may 2019 | G57: 43915.631 | H57: 61 | I57: NULL | J57: s | K57: s | L57: BS1A | M57: Caren | N57: Cec | O57: 41335 | P57: CEC | Q57: 4 | R57: ITAHUE 220 | S57: 1 | T57: -494 | U57: NULL | V57: NULL | W57: -494
A58: 43586 | B58: 43586 | C58: Licitación Caren y Cec (SIC 2013/03-2) BS1A | D58: Energia Licitaciones | E58: Energía | F58: Lic. SIC 2013/03-2 bloques BS1A: Energía may 2019 | G58: 43627 | H58: 33 | I58: 8768 | J58: s | K58: s | L58: BS1A | M58: Caren | N58: Cec | O58: 41335 | P58: CEC | Q58: 4 | R58: ITAHUE 220 | S58: 1341.7257 | T58: 71.984 | U58: NULL | V58: NULL | W58: 96583
A59: 43586 | B59: 43586 | C59: Licitación Caren y Cec (SIC 2013/03-2) BS1A | D59: Potencia Licitaciones | E59: Potencia | F59: Lic. SIC 2013/03-2 bloques BS1A: Potencia may 2019 | G59: 43627 | H59: 33 | I59: 8768 | J59: s | K59: s | L59: BS1A | M59: Caren | N59: Cec | O59: 41335 | P59: CEC | Q59: 5 | R59: RAPEL 220 | S59: NULL | T59: NULL | U59: 0 | V59: 0 | W59: 0
A60: 43586 | B60: 43586 | C60: Licitación Caren y Cec (SIC 2013/03-2) BS1A | D60: Reliq. Energia Licitaciones | E60: Energía | F60: Lic. SIC 2013/03-2 bloques BS1A: Reliq. Energía may 2019 | G60: 43915.631 | H60: 61 | I60: NULL | J60: s | K60: s | L60: BS1A | M60: Caren | N60: Cec | O60: 41335 | P60: CEC | Q60: 5 | R60: RAPEL 220 | S60: 1 | T60: -2 | U60: NULL | V60: NULL | W60: -2
A61: 43586 | B61: 43586 | C61: Licitación Caren y Cec (SIC 2013/03-2) BS1A | D61: Energia Licitaciones | E61: Energía | F61: Lic. SIC 2013/03-2 bloques BS1A: Energía may 2019 | G61: 43627 | H61: 33 | I61: 8768 | J61: s | K61: s | L61: BS1A | M61: Caren | N61: Cec | O61: 41335 | P61: CEC | Q61: 5 | R61: RAPEL 220 | S61: 5.26453 | T61: 75.617 | U61: NULL | V61: NULL | W61: 398
A62: 43617 | B62: 43617 | C62: Licitación Caren y Cec (SIC 2013/03-2) BS1A | D62: Potencia Licitaciones | E62: Potencia | F62: Lic. SIC 2013/03-2 bloques BS1A: Potencia jun 2019 | G62: 43655 | H62: 33 | I62: 9022 | J62: s | K62: s | L62: BS1A | M62: Caren | N62: Cec | O62: 41335 | P62: CEC | Q62: 1 | R62: A.JAHUEL 220 | S62: NULL | T62: NULL | U62: 0 | V62: 0 | W62: 0
A63: 43617 | B63: 43617 | C63: Licitación Caren y Cec (SIC 2013/03-2) BS1A | D63: Reliq. Energia Licitaciones | E63: Energía | F63: Lic. SIC 2013/03-2 bloques BS1A: Reliq. Energía jun 2019 | G63: 43693 | H63: 33 | I63: NULL | J63: s | K63: s | L63: BS1A | M63: Caren | N63: Cec | O63: 41335 | P63: CEC | Q63: 1 | R63: A.JAHUEL 220 | S63: 1.775945 | T63: 74.401 | U63: NULL | V63: NULL | W63: 132
A64: 43617 | B64: 43617 | C64: Licitación Caren y Cec (SIC 2013/03-2) BS1A | D64: Energia Licitaciones | E64: Energía | F64: Lic. SIC 2013/03-2 bloques BS1A: Energía jun 2019 | G64: 43655 | H64: 33 | I64: 9022 | J64: s | K64: s | L64: BS1A | M64: Caren | N64: Cec | O64: 41335 | P64: CEC | Q64: 1 | R64: A.JAHUEL 220 | S64: 790.40863 | T64: 74.401 | U64: NULL | V64: NULL | W64: 58807
A65: 43617 | B65: 43617 | C65: Licitación Caren y Cec (SIC 2013/03-2) BS1A | D65: Potencia Licitaciones | E65: Potencia | F65: Lic. SIC 2013/03-2 bloques BS1A: Potencia jun 2019 | G65: 43655 | H65: 33 | I65: 9022 | J65: s | K65: s | L65: BS1A | M65: Caren | N65: Cec | O65: 41335 | P65: CEC | Q65: 2 | R65: A.MELIP 220 | S65: NULL | T65: NULL | U65: 0 | V65: 0 | W65: 0
A66: 43617 | B66: 43617 | C66: Licitación Caren y Cec (SIC 2013/03-2) BS1A | D66: Reliq. Energia Licitaciones | E66: Energía | F66: Lic. SIC 2013/03-2 bloques BS1A: Reliq. Energía jun 2019 | G66: 43693 | H66: 33 | I66: NULL | J66: s | K66: s | L66: BS1A | M66: Caren | N66: Cec | O66: 41335 | P66: CEC | Q66: 2 | R66: A.MELIP 220 | S66: 0.011666 | T66: 75.737 | U66: NULL | V66: NULL | W66: 1
A67: 43617 | B67: 43617 | C67: Licitación Caren y Cec (SIC 2013/03-2) BS1A | D67: Energia Licitaciones | E67: Energía | F67: Lic. SIC 2013/03-2 bloques BS1A: Energía jun 2019 | G67: 43655 | H67: 33 | I67: 9022 | J67: s | K67: s | L67: BS1A | M67: Caren | N67: Cec | O67: 41335 | P67: CEC | Q67: 2 | R67: A.MELIP 220 | S67: 5.19207 | T67: 75.737 | U67: NULL | V67: NULL | W67: 393
A68: 43617 | B68: 43617 | C68: Licitación Caren y Cec (SIC 2013/03-2) BS1A | D68: Potencia Licitaciones | E68: Potencia | F68: Lic. SIC 2013/03-2 bloques BS1A: Potencia jun 2019 | G68: 43655 | H68: 33 | I68: 9022 | J68: s | K68: s | L68: BS1A | M68: Caren | N68: Cec | O68: 41335 | P68: CEC | Q68: 3 | R68: CHARRUA 220 | S68: NULL | T68: NULL | U68: 0 | V68: 0 | W68: 0
A69: 43617 | B69: 43617 | C69: Licitación Caren y Cec (SIC 2013/03-2) BS1A | D69: Reliq. Energia Licitaciones | E69: Energía | F69: Lic. SIC 2013/03-2 bloques BS1A: Reliq. Energía jun 2019 | G69: 43693 | H69: 33 | I69: NULL | J69: s | K69: s | L69: BS1A | M69: Caren | N69: Cec | O69: 41335 | P69: CEC | Q69: 3 | R69: CHARRUA 220 | S69: 0.551932 | T69: 70.437 | U69: NULL | V69: NULL | W69: 39
A70: 43617 | B70: 43617 | C70: Licitación Caren y Cec (SIC 2013/03-2) BS1A | D70: Energia Licitaciones | E70: Energía | F70: Lic. SIC 2013/03-2 bloques BS1A: Energía jun 2019 | G70: 43655 | H70: 33 | I70: 9022 | J70: s | K70: s | L70: BS1A | M70: Caren | N70: Cec | O70: 41335 | P70: CEC | Q70: 3 | R70: CHARRUA 220 | S70: 245.64498 | T70: 70.437 | U70: NULL | V70: NULL | W70: 17302
A71: 43617 | B71: 43617 | C71: Licitación Caren y Cec (SIC 2013/03-2) BS1A | D71: Potencia Licitaciones | E71: Potencia | F71: Lic. SIC 2013/03-2 bloques BS1A: Potencia jun 2019 | G71: 43655 | H71: 33 | I71: 9022 | J71: s | K71: s | L71: BS1A | M71: Caren | N71: Cec | O71: 41335 | P71: CEC | Q71: 4 | R71: ITAHUE 220 | S71: NULL | T71: NULL | U71: 0 | V71: 0 | W71: 0
A72: 43617 | B72: 43617 | C72: Licitación Caren y Cec (SIC 2013/03-2) BS1A | D72: Reliq. Energia Licitaciones | E72: Energía | F72: Lic. SIC 2013/03-2 bloques BS1A: Reliq. Energía jun 2019 | G72: 43693 | H72: 33 | I72: NULL | J72: s | K72: s | L72: BS1A | M72: Caren | N72: Cec | O72: 41335 | P72: CEC | Q72: 4 | R72: ITAHUE 220 | S72: 2.701975 | T72: 71.984 | U72: NULL | V72: NULL | W72: 194
A73: 43617 | B73: 43617 | C73: Licitación Caren y Cec (SIC 2013/03-2) BS1A | D73: Energia Licitaciones | E73: Energía | F73: Lic. SIC 2013/03-2 bloques BS1A: Energía jun 2019 | G73: 43655 | H73: 33 | I73: 9022 | J73: s | K73: s | L73: BS1A | M73: Caren | N73: Cec | O73: 41335 | P73: CEC | Q73: 4 | R73: ITAHUE 220 | S73: 1202.5506 | T73: 71.984 | U73: NULL | V73: NULL | W73: 86564
A74: 43617 | B74: 43617 | C74: Licitación Caren y Cec (SIC 2013/03-2) BS1A | D74: Potencia Licitaciones | E74: Potencia | F74: Lic. SIC 2013/03-2 bloques BS1A: Potencia jun 2019 | G74: 43655 | H74: 33 | I74: 9022 | J74: s | K74: s | L74: BS1A | M74: Caren | N74: Cec | O74: 41335 | P74: CEC | Q74: 5 | R74: RAPEL 220 | S74: NULL | T74: NULL | U74: 0 | V74: 0 | W74: 0
A75: 43617 | B75: 43617 | C75: Licitación Caren y Cec (SIC 2013/03-2) BS1A | D75: Reliq. Energia Licitaciones | E75: Energía | F75: Lic. SIC 2013/03-2 bloques BS1A: Reliq. Energía jun 2019 | G75: 43693 | H75: 33 | I75: NULL | J75: s | K75: s | L75: BS1A | M75: Caren | N75: Cec | O75: 41335 | P75: CEC | Q75: 5 | R75: RAPEL 220 | S75: 0.010724 | T75: 75.617 | U75: NULL | V75: NULL | W75: 1
A76: 43617 | B76: 43617 | C76: Licitación Caren y Cec (SIC 2013/03-2) BS1A | D76: Energia Licitaciones | E76: Energía | F76: Lic. SIC 2013/03-2 bloques BS1A: Energía jun 2019 | G76: 43655 | H76: 33 | I76: 9022 | J76: s | K76: s | L76: BS1A | M76: Caren | N76: Cec | O76: 41335 | P76: CEC | Q76: 5 | R76: RAPEL 220 | S76: 4.772954 | T76: 75.617 | U76: NULL | V76: NULL | W76: 361
A77: 43647 | B77: 43647 | C77: Licitación Caren y Cec (SIC 2013/03-2) BS1A | D77: Potencia Licitaciones | E77: Potencia | F77: Lic. SIC 2013/03-2 bloques BS1A: Potencia jul 2019 | G77: 43686 | H77: 33 | I77: 9466 | J77: s | K77: s | L77: BS1A | M77: Caren | N77: Cec | O77: 41335 | P77: CEC | Q77: 1 | R77: A.JAHUEL 220 | S77: NULL | T77: NULL | U77: 0 | V77: 0 | W77: 0
A78: 43647 | B78: 43647 | C78: Licitación Caren y Cec (SIC 2013/03-2) BS1A | D78: Reliq. Energia Licitaciones | E78: Energía | F78: Lic. SIC 2013/03-2 bloques BS1A: Reliq. Energía jul 2019 | G78: 43914.908 | H78: 61 | I78: NULL | J78: s | K78: s | L78: BS1A | M78: Caren | N78: Cec | O78: 41335 | P78: CEC | Q78: 1 | R78: A.JAHUEL 220 | S78: 1 | T78: -19 | U78: NULL | V78: NULL | W78: -19
A79: 43647 | B79: 43647 | C79: Licitación Caren y Cec (SIC 2013/03-2) BS1A | D79: Energia Licitaciones | E79: Energía | F79: Lic. SIC 2013/03-2 bloques BS1A: Energía jul 2019 | G79: 43686 | H79: 33 | I79: 9466 | J79: s | K79: s | L79: BS1A | M79: Caren | N79: Cec | O79: 41335 | P79: CEC | Q79: 1 | R79: A.JAHUEL 220 | S79: 842.75503 | T79: 74.401 | U79: NULL | V79: NULL | W79: 62702
A80: 43647 | B80: 43647 | C80: Licitación Caren y Cec (SIC 2013/03-2) BS1A | D80: Potencia Licitaciones | E80: Potencia | F80: Lic. SIC 2013/03-2 bloques BS1A: Potencia jul 2019 | G80: 43686 | H80: 33 | I80: 9466 | J80: s | K80: s | L80: BS1A | M80: Caren | N80: Cec | O80: 41335 | P80: CEC | Q80: 2 | R80: A.MELIP 220 | S80: NULL | T80: NULL | U80: 0 | V80: 0 | W80: 0
A81: 43647 | B81: 43647 | C81: Licitación Caren y Cec (SIC 2013/03-2) BS1A | D81: Energia Licitaciones | E81: Energía | F81: Lic. SIC 2013/03-2 bloques BS1A: Energía jul 2019 | G81: 43686 | H81: 33 | I81: 9466 | J81: s | K81: s | L81: BS1A | M81: Caren | N81: Cec | O81: 41335 | P81: CEC | Q81: 2 | R81: A.MELIP 220 | S81: 3.672508 | T81: 75.737 | U81: NULL | V81: NULL | W81: 278
A82: 43647 | B82: 43647 | C82: Licitación Caren y Cec (SIC 2013/03-2) BS1A | D82: Potencia Licitaciones | E82: Potencia | F82: Lic. SIC 2013/03-2 bloques BS1A: Potencia jul 2019 | G82: 43686 | H82: 33 | I82: 9466 | J82: s | K82: s | L82: BS1A | M82: Caren | N82: Cec | O82: 41335 | P82: CEC | Q82: 3 | R82: CHARRUA 220 | S82: NULL | T82: NULL | U82: 0 | V82: 0 | W82: 0
A83: 43647 | B83: 43647 | C83: Licitación Caren y Cec (SIC 2013/03-2) BS1A | D83: Reliq. Energia Licitaciones | E83: Energía | F83: Lic. SIC 2013/03-2 bloques BS1A: Reliq. Energía jul 2019 | G83: 43914.908 | H83: 61 | I83: NULL | J83: s | K83: s | L83: BS1A | M83: Caren | N83: Cec | O83: 41335 | P83: CEC | Q83: 3 | R83: CHARRUA 220 | S83: 1 | T83: -3 | U83: NULL | V83: NULL | W83: -3
A84: 43647 | B84: 43647 | C84: Licitación Caren y Cec (SIC 2013/03-2) BS1A | D84: Energia Licitaciones | E84: Energía | F84: Lic. SIC 2013/03-2 bloques BS1A: Energía jul 2019 | G84: 43686 | H84: 33 | I84: 9466 | J84: s | K84: s | L84: BS1A | M84: Caren | N84: Cec | O84: 41335 | P84: CEC | Q84: 3 | R84: CHARRUA 220 | S84: 171.56035 | T84: 70.437 | U84: NULL | V84: NULL | W84: 12084
A85: 43647 | B85: 43647 | C85: Licitación Caren y Cec (SIC 2013/03-2) BS1A | D85: Potencia Licitaciones | E85: Potencia | F85: Lic. SIC 2013/03-2 bloques BS1A: Potencia jul 2019 | G85: 43686 | H85: 33 | I85: 9466 | J85: s | K85: s | L85: BS1A | M85: Caren | N85: Cec | O85: 41335 | P85: CEC | Q85: 4 | R85: ITAHUE 220 | S85: NULL | T85: NULL | U85: 0 | V85: 0 | W85: 0
A86: 43647 | B86: 43647 | C86: Licitación Caren y Cec (SIC 2013/03-2) BS1A | D86: Reliq. Energia Licitaciones | E86: Energía | F86: Lic. SIC 2013/03-2 bloques BS1A: Reliq. Energía jul 2019 | G86: 43914.908 | H86: 61 | I86: NULL | J86: s | K86: s | L86: BS1A | M86: Caren | N86: Cec | O86: 41335 | P86: CEC | Q86: 4 | R86: ITAHUE 220 | S86: 1 | T86: -25 | U86: NULL | V86: NULL | W86: -25
A87: 43647 | B87: 43647 | C87: Licitación Caren y Cec (SIC 2013/03-2) BS1A | D87: Energia Licitaciones | E87: Energía | F87: Lic. SIC 2013/03-2 bloques BS1A: Energía jul 2019 | G87: 43686 | H87: 33 | I87: 9466 | J87: s | K87: s | L87: BS1A | M87: Caren | N87: Cec | O87: 41335 | P87: CEC | Q87: 4 | R87: ITAHUE 220 | S87: 1210.3737 | T87: 71.984 | U87: NULL | V87: NULL | W87: 87128
A88: 43647 | B88: 43647 | C88: Licitación Caren y Cec (SIC 2013/03-2) BS1A | D88: Potencia Licitaciones | E88: Potencia | F88: Lic. SIC 2013/03-2 bloques BS1A: Potencia jul 2019 | G88: 43686 | H88: 33 | I88: 9466 | J88: s | K88: s | L88: BS1A | M88: Caren | N88: Cec | O88: 41335 | P88: CEC | Q88: 5 | R88: RAPEL 220 | S88: NULL | T88: NULL | U88: 0 | V88: 0 | W88: 0
A89: 43647 | B89: 43647 | C89: Licitación Caren y Cec (SIC 2013/03-2) BS1A | D89: Energia Licitaciones | E89: Energía | F89: Lic. SIC 2013/03-2 bloques BS1A: Energía jul 2019 | G89: 43686 | H89: 33 | I89: 9466 | J89: s | K89: s | L89: BS1A | M89: Caren | N89: Cec | O89: 41335 | P89: CEC | Q89: 5 | R89: RAPEL 220 | S89: 3.777267 | T89: 75.617 | U89: NULL | V89: NULL | W89: 286
A90: 43678 | B90: 43678 | C90: Licitación Caren y Cec (SIC 2013/03-2) BS1A | D90: Reliq. Energia Licitaciones | E90: Energía | F90: Lic. SIC 2013/03-2 bloques BS1A: Reliq. Energía ago 2019 | G90: 43915.394 | H90: 61 | I90: NULL | J90: s | K90: s | L90: BS1A | M90: Caren | N90: Cec | O90: 41335 | P90: CEC | Q90: 1 | R90: A.JAHUEL 220 | S90: 1 | T90: -415 | U90: NULL | V90: NULL | W90: -415
A91: 43678 | B91: 43678 | C91: Licitación Caren y Cec (SIC 2013/03-2) BS1A | D91: Energia Licitaciones | E91: Energía | F91: Lic. SIC 2013/03-2 bloques BS1A: Energía ago 2019 | G91: 43719 | H91: 33 | I91: 9996 | J91: s | K91: s | L91: BS1A | M91: Caren | N91: Cec | O91: 41335 | P91: CEC | Q91: 1 | R91: A.JAHUEL 220 | S91: 797.16754 | T91: 74.401 | U91: NULL | V91: NULL | W91: 59310
A92: 43678 | B92: 43739 | C92: Licitación Caren y Cec (SIC 2013/03-2) BS1A | D92: Potencia Licitaciones | E92: Potencia | F92: Lic. SIC 2013/03-2 bloques BS1A: Potencia oct 2019 | G92: 43719 | H92: 33 | I92: 9996 | J92: s | K92: s | L92: BS1A | M92: Caren | N92: Cec | O92: 41335 | P92: CEC | Q92: 1 | R92: A.JAHUEL 220 | S92: NULL | T92: NULL | U92: 0 | V92: 0 | W92: 0
A93: 43678 | B93: 43678 | C93: Licitación Caren y Cec (SIC 2013/03-2) BS1A | D93: Reliq. Energia Licitaciones | E93: Energía | F93: Lic. SIC 2013/03-2 bloques BS1A: Reliq. Energía ago 2019 | G93: 43915.394 | H93: 61 | I93: NULL | J93: s | K93: s | L93: BS1A | M93: Caren | N93: Cec | O93: 41335 | P93: CEC | Q93: 2 | R93: A.MELIP 220 | S93: 1 | T93: -2 | U93: NULL | V93: NULL | W93: -2
A94: 43678 | B94: 43678 | C94: Licitación Caren y Cec (SIC 2013/03-2) BS1A | D94: Energia Licitaciones | E94: Energía | F94: Lic. SIC 2013/03-2 bloques BS1A: Energía ago 2019 | G94: 43719 | H94: 33 | I94: 9996 | J94: s | K94: s | L94: BS1A | M94: Caren | N94: Cec | O94: 41335 | P94: CEC | Q94: 2 | R94: A.MELIP 220 | S94: 3.351295 | T94: 75.737 | U94: NULL | V94: NULL | W94: 254
A95: 43678 | B95: 43739 | C95: Licitación Caren y Cec (SIC 2013/03-2) BS1A | D95: Potencia Licitaciones | E95: Potencia | F95: Lic. SIC 2013/03-2 bloques BS1A: Potencia oct 2019 | G95: 43719 | H95: 33 | I95: 9996 | J95: s | K95: s | L95: BS1A | M95: Caren | N95: Cec | O95: 41335 | P95: CEC | Q95: 2 | R95: A.MELIP 220 | S95: NULL | T95: NULL | U95: 0 | V95: 0 | W95: 0
A96: 43678 | B96: 43678 | C96: Licitación Caren y Cec (SIC 2013/03-2) BS1A | D96: Reliq. Energia Licitaciones | E96: Energía | F96: Lic. SIC 2013/03-2 bloques BS1A: Reliq. Energía ago 2019 | G96: 43915.394 | H96: 61 | I96: NULL | J96: s | K96: s | L96: BS1A | M96: Caren | N96: Cec | O96: 41335 | P96: CEC | Q96: 3 | R96: CHARRUA 220 | S96: 1 | T96: -80 | U96: NULL | V96: NULL | W96: -80
A97: 43678 | B97: 43678 | C97: Licitación Caren y Cec (SIC 2013/03-2) BS1A | D97: Energia Licitaciones | E97: Energía | F97: Lic. SIC 2013/03-2 bloques BS1A: Energía ago 2019 | G97: 43719 | H97: 33 | I97: 9996 | J97: s | K97: s | L97: BS1A | M97: Caren | N97: Cec | O97: 41335 | P97: CEC | Q97: 3 | R97: CHARRUA 220 | S97: 162.1168 | T97: 70.437 | U97: NULL | V97: NULL | W97: 11419
A98: 43678 | B98: 43739 | C98: Licitación Caren y Cec (SIC 2013/03-2) BS1A | D98: Potencia Licitaciones | E98: Potencia | F98: Lic. SIC 2013/03-2 bloques BS1A: Potencia oct 2019 | G98: 43719 | H98: 33 | I98: 9996 | J98: s | K98: s | L98: BS1A | M98: Caren | N98: Cec | O98: 41335 | P98: CEC | Q98: 3 | R98: CHARRUA 220 | S98: NULL | T98: NULL | U98: 0 | V98: 0 | W98: 0
A99: 43678 | B99: 43678 | C99: Licitación Caren y Cec (SIC 2013/03-2) BS1A | D99: Reliq. Energia Licitaciones | E99: Energía | F99: Lic. SIC 2013/03-2 bloques BS1A: Reliq. Energía ago 2019 | G99: 43915.394 | H99: 61 | I99: NULL | J99: s | K99: s | L99: BS1A | M99: Caren | N99: Cec | O99: 41335 | P99: CEC | Q99: 4 | R99: ITAHUE 220 | S99: 1 | T99: -572 | U99: NULL | V99: NULL | W99: -572
A100: 43678 | B100: 43678 | C100: Licitación Caren y Cec (SIC 2013/03-2) BS1A | D100: Energia Licitaciones | E100: Energía | F100: Lic. SIC 2013/03-2 bloques BS1A: Energía ago 2019 | G100: 43719 | H100: 33 | I100: 9996 | J100: s | K100: s | L100: BS1A | M100: Caren | N100: Cec | O100: 41335 | P100: CEC | Q100: 4 | R100: ITAHUE 220 | S100: 1136.7024 | T100: 71.984 | U100: NULL | V100: NULL | W100: 81824
...

Sheet SIGGE_E
A1: Periodo | B1: MesDevengado | C1: Nombre | D1: Concepto | E1: Agrupacion | F1: Glosa | G1: FechaCarga | H1: TipoDocumento | I1: Folio | J1: Vendedor | K1: Comprador | L1: Bloque | M1: Empresa | N1: ClaveEEDD | O1: Licitacion | P1: NomAgrupacion | Q1: Num | R1: Barra | S1: Energia | T1: PrecioEnergia | U1: Potencia | V1: PrecioPotencia | W1: Monto
A2: 43344 | B2: 43344 | C2: Licitación Caren y Cec (SIC 2013/03-2) BS1A | D2: Energia Licitaciones | E2: Energía | F2: Lic. SIC 2013/03-2 bloques BS1A: Energía sep 2018 | G2: 43392 | H2: 33 | I2: 6305 | J2: s | K2: s | L2: BS1A | M2: Caren | N2: Cec | O2: 41335 | P2: CEC | Q2: 1 | R2: TotalBarras | S2: 3000 | T2: 58.085 | U2: NULL | V2: NULL | W2: 174255
A3: 43374 | B3: 43374 | C3: Licitación Caren y Cec (SIC 2013/03-2) BS1A | D3: Energia Licitaciones | E3: Energía | F3: Lic. SIC 2013/03-2 bloques BS1A: Energía oct 2018 | G3: 43431 | H3: 33 | I3: 6796 | J3: s | K3: s | L3: BS1A | M3: Caren | N3: Cec | O3: 41335 | P3: CEC | Q3: 1 | R3: TotalBarras | S3: 3000 | T3: 59.678 | U3: NULL | V3: NULL | W3: 179035
A4: 43405 | B4: 43405 | C4: Licitación Caren y Cec (SIC 2013/03-2) BS1A | D4: Energia Licitaciones | E4: Energía | F4: Lic. SIC 2013/03-2 bloques BS1A: Energía nov 2018 | G4: 43448 | H4: 33 | I4: 6939 | J4: s | K4: s | L4: BS1A | M4: Caren | N4: Cec | O4: 41335 | P4: CEC | Q4: 1 | R4: TotalBarras | S4: 4000 | T4: 59.635 | U4: NULL | V4: NULL | W4: 238540
A5: 43435 | B5: 43435 | C5: Licitación Caren y Cec (SIC 2013/03-2) BS1A | D5: Energia Licitaciones | E5: Energía | F5: Lic. SIC 2013/03-2 bloques BS1A: Energía dic 2018 | G5: 43486 | H5: 33 | I5: 7194 | J5: s | K5: s | L5: BS1A | M5: Caren | N5: Cec | O5: 41335 | P5: CEC | Q5: 1 | R5: TotalBarras | S5: 5000 | T5: 67.951 | U5: NULL | V5: NULL | W5: 339757
A6: 43466 | B6: 43466 | C6: Licitación Caren y Cec (SIC 2013/03-2) BS1A | D6: Reliq. Energia Licitaciones | E6: Energía | F6: Lic. SIC 2013/03-2 bloques BS1A: Reliq. Energía ene 2019 | G6: 43539 | H6: 33 | I6: NULL | J6: s | K6: s | L6: BS1A | M6: Caren | N6: Cec | O6: 41335 | P6: CEC | Q6: 1 | R6: A.JAHUEL 220 | S6: 1.46188 | T6: 66.9 | U6: NULL | V6: NULL | W6: 98
A7: 43466 | B7: 43466 | C7: Licitación Caren y Cec (SIC 2013/03-2) BS1A | D7: Energia Licitaciones | E7: Energía | F7: Lic. SIC 2013/03-2 bloques BS1A: Energía ene 2019 | G7: 43504 | H7: 33 | I7: 7513 | J7: s | K7: s | L7: BS1A | M7: Caren | N7: Cec | O7: 41335 | P7: CEC | Q7: 1 | R7: A.JAHUEL 220 | S7: 1371.306 | T7: 66.9 | U7: NULL | V7: NULL | W7: 91740
A8: 43466 | B8: 43466 | C8: Licitación Caren y Cec (SIC 2013/03-2) BS1A | D8: Reliq. Energia Licitaciones | E8: Energía | F8: Lic. SIC 2013/03-2 bloques BS1A: Reliq. Energía ene 2019 | G8: 43539 | H8: 33 | I8: NULL | J8: s | K8: s | L8: BS1A | M8: Caren | N8: Cec | O8: 41335 | P8: CEC | Q8: 2 | R8: A.MELIP 220 | S8: 0.009388 | T8: 69.014 | U8: NULL | V8: NULL | W8: 1
A9: 43466 | B9: 43466 | C9: Licitación Caren y Cec (SIC 2013/03-2) BS1A | D9: Energia Licitaciones | E9: Energía | F9: Lic. SIC 2013/03-2 bloques BS1A: Energía ene 2019 | G9: 43504 | H9: 33 | I9: 7513 | J9: s | K9: s | L9: BS1A | M9: Caren | N9: Cec | O9: 41335 | P9: CEC | Q9: 2 | R9: A.MELIP 220 | S9: 8.806166 | T9: 69.014 | U9: NULL | V9: NULL | W9: 608
A10: 43466 | B10: 43466 | C10: Licitación Caren y Cec (SIC 2013/03-2) BS1A | D10: Reliq. Energia Licitaciones | E10: Energía | F10: Lic. SIC 2013/03-2 bloques BS1A: Reliq. Energía ene 2019 | G10: 43539 | H10: 33 | I10: NULL | J10: s | K10: s | L10: BS1A | M10: Caren | N10: Cec | O10: 41335 | P10: CEC | Q10: 3 | R10: CHARRUA 220 | S10: 0.453721 | T10: 63.27 | U10: NULL | V10: NULL | W10: 29
A11: 43466 | B11: 43466 | C11: Licitación Caren y Cec (SIC 2013/03-2) BS1A | D11: Energia Licitaciones | E11: Energía | F11: Lic. SIC 2013/03-2 bloques BS1A: Energía ene 2019 | G11: 43504 | H11: 33 | I11: 7513 | J11: s | K11: s | L11: BS1A | M11: Caren | N11: Cec | O11: 41335 | P11: CEC | Q11: 3 | R11: CHARRUA 220 | S11: 425.60961 | T11: 63.27 | U11: NULL | V11: NULL | W11: 26928
A12: 43466 | B12: 43466 | C12: Licitación Caren y Cec (SIC 2013/03-2) BS1A | D12: Reliq. Energia Licitaciones | E12: Energía | F12: Lic. SIC 2013/03-2 bloques BS1A: Reliq. Energía ene 2019 | G12: 43539 | H12: 33 | I12: NULL | J12: s | K12: s | L12: BS1A | M12: Caren | N12: Cec | O12: 41335 | P12: CEC | Q12: 4 | R12: ITAHUE 220 | S12: 2.212452 | T12: 65.349 | U12: NULL | V12: NULL | W12: 145
A13: 43466 | B13: 43466 | C13: Licitación Caren y Cec (SIC 2013/03-2) BS1A | D13: Energia Licitaciones | E13: Energía | F13: Lic. SIC 2013/03-2 bloques BS1A: Energía ene 2019 | G13: 43504 | H13: 33 | I13: 7513 | J13: s | K13: s | L13: BS1A | M13: Caren | N13: Cec | O13: 41335 | P13: CEC | Q13: 4 | R13: ITAHUE 220 | S13: 2075.374 | T13: 65.349 | U13: NULL | V13: NULL | W13: 135624
A14: 43466 | B14: 43466 | C14: Licitación Caren y Cec (SIC 2013/03-2) BS1A | D14: Reliq. Energia Licitaciones | E14: Energía | F14: Lic. SIC 2013/03-2 bloques BS1A: Reliq. Energía ene 2019 | G14: 43539 | H14: 33 | I14: NULL | J14: s | K14: s | L14: BS1A | M14: Caren | N14: Cec | O14: 41335 | P14: CEC | Q14: 5 | R14: RAPEL 220 | S14: 0.008637 | T14: 69.368 | U14: NULL | V14: NULL | W14: 1
A15: 43466 | B15: 43466 | C15: Licitación Caren y Cec (SIC 2013/03-2) BS1A | D15: Energia Licitaciones | E15: Energía | F15: Lic. SIC 2013/03-2 bloques BS1A: Energía ene 2019 | G15: 43504 | H15: 33 | I15: 7513 | J15: s | K15: s | L15: BS1A | M15: Caren | N15: Cec | O15: 41335 | P15: CEC | Q15: 5 | R15: RAPEL 220 | S15: 8.102057 | T15: 69.368 | U15: NULL | V15: NULL | W15: 562
A16: 43497 | B16: 43497 | C16: Licitación Caren y Cec (SIC 2013/03-2) BS1A | D16: Reliq. Energia Licitaciones | E16: Energía | F16: Lic. SIC 2013/03-2 bloques BS1A: Reliq. Energía feb 2019 | G16: 43564 | H16: 61 | I16: NULL | J16: s | K16: s | L16: BS1A | M16: Caren | N16: Cec | O16: 41335 | P16: CEC | Q16: 1 | R16: A.JAHUEL 220 | S16: 0.23349 | T16: 66.9 | U16: NULL | V16: NULL | W16: 16
A17: 43497 | B17: 43497 | C17: Licitación Caren y Cec (SIC 2013/03-2) BS1A | D17: Energia Licitaciones | E17: Energía | F17: Lic. SIC 2013/03-2 bloques BS1A: Energía feb 2019 | G17: 43532 | H17: 33 | I17: 7798 | J17: s | K17: s | L17: BS1A | M17: Caren | N17: Cec | O17: 41335 | P17: CEC | Q17: 1 | R17: A.JAHUEL 220 | S17: 1368.5299 | T17: 66.9 | U17: NULL | V17: NULL | W17: 91555
A18: 43497 | B18: 43497 | C18: Licitación Caren y Cec (SIC 2013/03-2) BS1A | D18: Energia Licitaciones | E18: Energía | F18: Lic. SIC 2013/03-2 bloques BS1A: Energía feb 2019 | G18: 43532 | H18: 33 | I18: 7798 | J18: s | K18: s | L18: BS1A | M18: Caren | N18: Cec | O18: 41335 | P18: CEC | Q18: 2 | R18: A.MELIP 220 | S18: 8.816632 | T18: 69.014 | U18: NULL | V18: NULL | W18: 608
A19: 43497 | B19: 43497 | C19: Licitación Caren y Cec (SIC 2013/03-2) BS1A | D19: Reliq. Energia Licitaciones | E19: Energía | F19: Lic. SIC 2013/03-2 bloques BS1A: Reliq. Energía feb 2019 | G19: 43564 | H19: 61 | I19: NULL | J19: s | K19: s | L19: BS1A | M19: Caren | N19: Cec | O19: 41335 | P19: CEC | Q19: 3 | R19: CHARRUA 220 | S19: 0.072089 | T19: 63.27 | U19: NULL | V19: NULL | W19: 5
A20: 43497 | B20: 43497 | C20: Licitación Caren y Cec (SIC 2013/03-2) BS1A | D20: Energia Licitaciones | E20: Energía | F20: Lic. SIC 2013/03-2 bloques BS1A: Energía feb 2019 | G20: 43532 | H20: 33 | I20: 7798 | J20: s | K20: s | L20: BS1A | M20: Caren | N20: Cec | O20: 41335 | P20: CEC | Q20: 3 | R20: CHARRUA 220 | S20: 422.52678 | T20: 63.27 | U20: NULL | V20: NULL | W20: 26733
A21: 43497 | B21: 43497 | C21: Licitación Caren y Cec (SIC 2013/03-2) BS1A | D21: Reliq. Energia Licitaciones | E21: Energía | F21: Lic. SIC 2013/03-2 bloques BS1A: Reliq. Energía feb 2019 | G21: 43564 | H21: 61 | I21: NULL | J21: s | K21: s | L21: BS1A | M21: Caren | N21: Cec | O21: 41335 | P21: CEC | Q21: 4 | R21: ITAHUE 220 | S21: 0.353269 | T21: 65.349 | U21: NULL | V21: NULL | W21: 23
A22: 43497 | B22: 43497 | C22: Licitación Caren y Cec (SIC 2013/03-2) BS1A | D22: Energia Licitaciones | E22: Energía | F22: Lic. SIC 2013/03-2 bloques BS1A: Energía feb 2019 | G22: 43532 | H22: 33 | I22: 7798 | J22: s | K22: s | L22: BS1A | M22: Caren | N22: Cec | O22: 41335 | P22: CEC | Q22: 4 | R22: ITAHUE 220 | S22: 2070.5801 | T22: 65.349 | U22: NULL | V22: NULL | W22: 135310
A23: 43497 | B23: 43497 | C23: Licitación Caren y Cec (SIC 2013/03-2) BS1A | D23: Energia Licitaciones | E23: Energía | F23: Lic. SIC 2013/03-2 bloques BS1A: Energía feb 2019 | G23: 43532 | H23: 33 | I23: 7798 | J23: s | K23: s | L23: BS1A | M23: Caren | N23: Cec | O23: 41335 | P23: CEC | Q23: 5 | R23: RAPEL 220 | S23: 8.102328 | T23: 69.368 | U23: NULL | V23: NULL | W23: 562
A24: 43525 | B24: 43525 | C24: Licitación Caren y Cec (SIC 2013/03-2) BS1A | D24: Reliq. Energia Licitaciones | E24: Energía | F24: Lic. SIC 2013/03-2 bloques BS1A: Reliq. Energía mar 2019 | G24: 43598 | H24: 33 | I24: NULL | J24: s | K24: s | L24: BS1A | M24: Caren | N24: Cec | O24: 41335 | P24: CEC | Q24: 1 | R24: A.JAHUEL 220 | S24: 0.580609 | T24: 66.9 | U24: NULL | V24: NULL | W24: 39
A25: 43525 | B25: 43525 | C25: Licitación Caren y Cec (SIC 2013/03-2) BS1A | D25: Energia Licitaciones | E25: Energía | F25: Lic. SIC 2013/03-2 bloques BS1A: Energía mar 2019 | G25: 43563 | H25: 33 | I25: 8389 | J25: s | K25: s | L25: BS1A | M25: Caren | N25: Cec | O25: 41335 | P25: CEC | Q25: 1 | R25: A.JAHUEL 220 | S25: 1311.6233 | T25: 66.9 | U25: NULL | V25: NULL | W25: 87748
A26: 43525 | B26: 43525 | C26: Licitación Caren y Cec (SIC 2013/03-2) BS1A | D26: Energia Licitaciones | E26: Energía | F26: Lic. SIC 2013/03-2 bloques BS1A: Energía mar 2019 | G26: 43563 | H26: 33 | I26: 8389 | J26: s | K26: s | L26: BS1A | M26: Caren | N26: Cec | O26: 41335 | P26: CEC | Q26: 2 | R26: A.MELIP 220 | S26: 8.173697 | T26: 69.014 | U26: NULL | V26: NULL | W26: 564
A27: 43525 | B27: 43525 | C27: Licitación Caren y Cec (SIC 2013/03-2) BS1A | D27: Reliq. Energia Licitaciones | E27: Energía | F27: Lic. SIC 2013/03-2 bloques BS1A: Reliq. Energía mar 2019 | G27: 43598 | H27: 33 | I27: NULL | J27: s | K27: s | L27: BS1A | M27: Caren | N27: Cec | O27: 41335 | P27: CEC | Q27: 3 | R27: CHARRUA 220 | S27: 0.178218 | T27: 63.27 | U27: NULL | V27: NULL | W27: 11
A28: 43525 | B28: 43525 | C28: Licitación Caren y Cec (SIC 2013/03-2) BS1A | D28: Energia Licitaciones | E28: Energía | F28: Lic. SIC 2013/03-2 bloques BS1A: Energía mar 2019 | G28: 43563 | H28: 33 | I28: 8389 | J28: s | K28: s | L28: BS1A | M28: Caren | N28: Cec | O28: 41335 | P28: CEC | Q28: 3 | R28: CHARRUA 220 | S28: 402.60399 | T28: 63.27 | U28: NULL | V28: NULL | W28: 25473
A29: 43525 | B29: 43525 | C29: Licitación Caren y Cec (SIC 2013/03-2) BS1A | D29: Reliq. Energia Licitaciones | E29: Energía | F29: Lic. SIC 2013/03-2 bloques BS1A: Reliq. Energía mar 2019 | G29: 43598 | H29: 33 | I29: NULL | J29: s | K29: s | L29: BS1A | M29: Caren | N29: Cec | O29: 41335 | P29: CEC | Q29: 4 | R29: ITAHUE 220 | S29: 0.87116 | T29: 65.349 | U29: NULL | V29: NULL | W29: 57
A30: 43525 | B30: 43525 | C30: Licitación Caren y Cec (SIC 2013/03-2) BS1A | D30: Energia Licitaciones | E30: Energía | F30: Lic. SIC 2013/03-2 bloques BS1A: Energía mar 2019 | G30: 43563 | H30: 33 | I30: 8389 | J30: s | K30: s | L30: BS1A | M30: Caren | N30: Cec | O30: 41335 | P30: CEC | Q30: 4 | R30: ITAHUE 220 | S30: 1967.9945 | T30: 65.349 | U30: NULL | V30: NULL | W30: 128606
A31: 43525 | B31: 43525 | C31: Licitación Caren y Cec (SIC 2013/03-2) BS1A | D31: Energia Licitaciones | E31: Energía | F31: Lic. SIC 2013/03-2 bloques BS1A: Energía mar 2019 | G31: 43563 | H31: 33 | I31: 8389 | J31: s | K31: s | L31: BS1A | M31: Caren | N31: Cec | O31: 41335 | P31: CEC | Q31: 5 | R31: RAPEL 220 | S31: 7.514895 | T31: 69.368 | U31: NULL | V31: NULL | W31: 521
A32: 43556 | B32: 43556 | C32: Licitación Caren y Cec (SIC 2013/03-2) BS1A | D32: Reliq. Energia Licitaciones | E32: Energía | F32: Lic. SIC 2013/03-2 bloques BS1A: Reliq. Energía abr 2019 | G32: 43913.498 | H32: 61 | I32: NULL | J32: s | K32: s | L32: BS1A | M32: Caren | N32: Cec | O32: 41335 | P32: CEC | Q32: 1 | R32: A.JAHUEL 220 | S32: 1 | T32: -1091 | U32: NULL | V32: NULL | W32: -1091
A33: 43556 | B33: 43556 | C33: Licitación Caren y Cec (SIC 2013/03-2) BS1A | D33: Energia Licitaciones | E33: Energía | F33: Lic. SIC 2013/03-2 bloques BS1A: Energía abr 2019 | G33: 43598 | H33: 33 | I33: 8451 | J33: s | K33: s | L33: BS1A | M33: Caren | N33: Cec | O33: 41335 | P33: CEC | Q33: 1 | R33: A.JAHUEL 220 | S33: 897.9651 | T33: 66.9 | U33: NULL | V33: NULL | W33: 60074
A34: 43556 | B34: 43556 | C34: Licitación Caren y Cec (SIC 2013/03-2) BS1A | D34: Reliq. Energia Licitaciones | E34: Energía | F34: Lic. SIC 2013/03-2 bloques BS1A: Reliq. Energía abr 2019 | G34: 43913.498 | H34: 61 | I34: NULL | J34: s | K34: s | L34: BS1A | M34: Caren | N34: Cec | O34: 41335 | P34: CEC | Q34: 2 | R34: A.MELIP 220 | S34: 1 | T34: -8 | U34: NULL | V34: NULL | W34: -8
A35: 43556 | B35: 43556 | C35: Licitación Caren y Cec (SIC 2013/03-2) BS1A | D35: Energia Licitaciones | E35: Energía | F35: Lic. SIC 2013/03-2 bloques BS1A: Energía abr 2019 | G35: 43598 | H35: 33 | I35: 8451 | J35: s | K35: s | L35: BS1A | M35: Caren | N35: Cec | O35: 41335 | P35: CEC | Q35: 2 | R35: A.MELIP 220 | S35: 5.912451 | T35: 69.014 | U35: NULL | V35: NULL | W35: 408
A36: 43556 | B36: 43556 | C36: Licitación Caren y Cec (SIC 2013/03-2) BS1A | D36: Reliq. Energia Licitaciones | E36: Energía | F36: Lic. SIC 2013/03-2 bloques BS1A: Reliq. Energía abr 2019 | G36: 43913.498 | H36: 61 | I36: NULL | J36: s | K36: s | L36: BS1A | M36: Caren | N36: Cec | O36: 41335 | P36: CEC | Q36: 3 | R36: CHARRUA 220 | S36: 1 | T36: -327 | U36: NULL | V36: NULL | W36: -327
A37: 43556 | B37: 43556 | C37: Licitación Caren y Cec (SIC 2013/03-2) BS1A | D37: Energia Licitaciones | E37: Energía | F37: Lic. SIC 2013/03-2 bloques BS1A: Energía abr 2019 | G37: 43598 | H37: 33 | I37: 8451 | J37: s | K37: s | L37: BS1A | M37: Caren | N37: Cec | O37: 41335 | P37: CEC | Q37: 3 | R37: CHARRUA 220 | S37: 278.37089 | T37: 63.27 | U37: NULL | V37: NULL | W37: 17613
A38: 43556 | B38: 43556 | C38: Licitación Caren y Cec (SIC 2013/03-2) BS1A | D38: Reliq. Energia Licitaciones | E38: Energía | F38: Lic. SIC 2013/03-2 bloques BS1A: Reliq. Energía abr 2019 | G38: 43913.498 | H38: 61 | I38: NULL | J38: s | K38: s | L38: BS1A | M38: Caren | N38: Cec | O38: 41335 | P38: CEC | Q38: 4 | R38: ITAHUE 220 | S38: 1 | T38: -1638 | U38: NULL | V38: NULL | W38: -1638
A39: 43556 | B39: 43556 | C39: Licitación Caren y Cec (SIC 2013/03-2) BS1A | D39: Energia Licitaciones | E39: Energía | F39: Lic. SIC 2013/03-2 bloques BS1A: Energía abr 2019 | G39: 43598 | H39: 33 | I39: 8451 | J39: s | K39: s | L39: BS1A | M39: Caren | N39: Cec | O39: 41335 | P39: CEC | Q39: 4 | R39: ITAHUE 220 | S39: 1366.2586 | T39: 65.349 | U39: NULL | V39: NULL | W39: 89284
A40: 43556 | B40: 43556 | C40: Licitación Caren y Cec (SIC 2013/03-2) BS1A | D40: Reliq. Energia Licitaciones | E40: Energía | F40: Lic. SIC 2013/03-2 bloques BS1A: Reliq. Energía abr 2019 | G40: 43913.498 | H40: 61 | I40: NULL | J40: s | K40: s | L40: BS1A | M40: Caren | N40: Cec | O40: 41335 | P40: CEC | Q40: 5 | R40: RAPEL 220 | S40: 1 | T40: -7 | U40: NULL | V40: NULL | W40: -7
A41: 43556 | B41: 43556 | C41: Licitación Caren y Cec (SIC 2013/03-2) BS1A | D41: Energia Licitaciones | E41: Energía | F41: Lic. SIC 2013/03-2 bloques BS1A: Energía abr 2019 | G41: 43598 | H41: 33 | I41: 8451 | J41: s | K41: s | L41: BS1A | M41: Caren | N41: Cec | O41: 41335 | P41: CEC | Q41: 5 | R41: RAPEL 220 | S41: 5.432024 | T41: 69.368 | U41: NULL | V41: NULL | W41: 377
A42: 43586 | B42: 43586 | C42: Licitación Caren y Cec (SIC 2013/03-2) BS1A | D42: Reliq. Energia Licitaciones | E42: Energía | F42: Lic. SIC 2013/03-2 bloques BS1A: Reliq. Energía may 2019 | G42: 43915.631 | H42: 61 | I42: NULL | J42: s | K42: s | L42: BS1A | M42: Caren | N42: Cec | O42: 41335 | P42: CEC | Q42: 1 | R42: A.JAHUEL 220 | S42: 1 | T42: -337 | U42: NULL | V42: NULL | W42: -337
A43: 43586 | B43: 43586 | C43: Licitación Caren y Cec (SIC 2013/03-2) BS1A | D43: Energia Licitaciones | E43: Energía | F43: Lic. SIC 2013/03-2 bloques BS1A: Energía may 2019 | G43: 43627 | H43: 33 | I43: 8768 | J43: s | K43: s | L43: BS1A | M43: Caren | N43: Cec | O43: 41335 | P43: CEC | Q43: 1 | R43: A.JAHUEL 220 | S43: 885.88967 | T43: 74.401 | U43: NULL | V43: NULL | W43: 65911
A44: 43586 | B44: 43586 | C44: Licitación Caren y Cec (SIC 2013/03-2) BS1A | D44: Reliq. Energia Licitaciones | E44: Energía | F44: Lic. SIC 2013/03-2 bloques BS1A: Reliq. Energía may 2019 | G44: 43915.631 | H44: 61 | I44: NULL | J44: s | K44: s | L44: BS1A | M44: Caren | N44: Cec | O44: 41335 | P44: CEC | Q44: 2 | R44: A.MELIP 220 | S44: 1 | T44: -2 | U44: NULL | V44: NULL | W44: -2
A45: 43586 | B45: 43586 | C45: Licitación Caren y Cec (SIC 2013/03-2) BS1A | D45: Energia Licitaciones | E45: Energía | F45: Lic. SIC 2013/03-2 bloques BS1A: Energía may 2019 | G45: 43627 | H45: 33 | I45: 8768 | J45: s | K45: s | L45: BS1A | M45: Caren | N45: Cec | O45: 41335 | P45: CEC | Q45: 2 | R45: A.MELIP 220 | S45: 5.728447 | T45: 75.737 | U45: NULL | V45: NULL | W45: 434
A46: 43586 | B46: 43586 | C46: Licitación Caren y Cec (SIC 2013/03-2) BS1A | D46: Reliq. Energia Licitaciones | E46: Energía | F46: Lic. SIC 2013/03-2 bloques BS1A: Reliq. Energía may 2019 | G46: 43915.631 | H46: 61 | I46: NULL | J46: s | K46: s | L46: BS1A | M46: Caren | N46: Cec | O46: 41335 | P46: CEC | Q46: 3 | R46: CHARRUA 220 | S46: 1 | T46: -99 | U46: NULL | V46: NULL | W46: -99
A47: 43586 | B47: 43586 | C47: Licitación Caren y Cec (SIC 2013/03-2) BS1A | D47: Energia Licitaciones | E47: Energía | F47: Lic. SIC 2013/03-2 bloques BS1A: Energía may 2019 | G47: 43627 | H47: 33 | I47: 8768 | J47: s | K47: s | L47: BS1A | M47: Caren | N47: Cec | O47: 41335 | P47: CEC | Q47: 3 | R47: CHARRUA 220 | S47: 273.81804 | T47: 70.437 | U47: NULL | V47: NULL | W47: 19287
A48: 43586 | B48: 43586 | C48: Licitación Caren y Cec (SIC 2013/03-2) BS1A | D48: Reliq. Energia Licitaciones | E48: Energía | F48: Lic. SIC 2013/03-2 bloques BS1A: Reliq. Energía may 2019 | G48: 43915.631 | H48: 61 | I48: NULL | J48: s | K48: s | L48: BS1A | M48: Caren | N48: Cec | O48: 41335 | P48: CEC | Q48: 4 | R48: ITAHUE 220 | S48: 1 | T48: -494 | U48: NULL | V48: NULL | W48: -494
A49: 43586 | B49: 43586 | C49: Licitación Caren y Cec (SIC 2013/03-2) BS1A | D49: Energia Licitaciones | E49: Energía | F49: Lic. SIC 2013/03-2 bloques BS1A: Energía may 2019 | G49: 43627 | H49: 33 | I49: 8768 | J49: s | K49: s | L49: BS1A | M49: Caren | N49: Cec | O49: 41335 | P49: CEC | Q49: 4 | R49: ITAHUE 220 | S49: 1341.7257 | T49: 71.984 | U49: NULL | V49: NULL | W49: 96583
A50: 43586 | B50: 43586 | C50: Licitación Caren y Cec (SIC 2013/03-2) BS1A | D50: Reliq. Energia Licitaciones | E50: Energía | F50: Lic. SIC 2013/03-2 bloques BS1A: Reliq. Energía may 2019 | G50: 43915.631 | H50: 61 | I50: NULL | J50: s | K50: s | L50: BS1A | M50: Caren | N50: Cec | O50: 41335 | P50: CEC | Q50: 5 | R50: RAPEL 220 | S50: 1 | T50: -2 | U50: NULL | V50: NULL | W50: -2
A51: 43586 | B51: 43586 | C51: Licitación Caren y Cec (SIC 2013/03-2) BS1A | D51: Energia Licitaciones | E51: Energía | F51: Lic. SIC 2013/03-2 bloques BS1A: Energía may 2019 | G51: 43627 | H51: 33 | I51: 8768 | J51: s | K51: s | L51: BS1A | M51: Caren | N51: Cec | O51: 41335 | P51: CEC | Q51: 5 | R51: RAPEL 220 | S51: 5.26453 | T51: 75.617 | U51: NULL | V51: NULL | W51: 398
A52: 43617 | B52: 43617 | C52: Licitación Caren y Cec (SIC 2013/03-2) BS1A | D52: Reliq. Energia Licitaciones | E52: Energía | F52: Lic. SIC 2013/03-2 bloques BS1A: Reliq. Energía jun 2019 | G52: 43693 | H52: 33 | I52: NULL | J52: s | K52: s | L52: BS1A | M52: Caren | N52: Cec | O52: 41335 | P52: CEC | Q52: 1 | R52: A.JAHUEL 220 | S52: 1.775945 | T52: 74.401 | U52: NULL | V52: NULL | W52: 132
A53: 43617 | B53: 43617 | C53: Licitación Caren y Cec (SIC 2013/03-2) BS1A | D53: Energia Licitaciones | E53: Energía | F53: Lic. SIC 2013/03-2 bloques BS1A: Energía jun 2019 | G53: 43655 | H53: 33 | I53: 9022 | J53: s | K53: s | L53: BS1A | M53: Caren | N53: Cec | O53: 41335 | P53: CEC | Q53: 1 | R53: A.JAHUEL 220 | S53: 790.40863 | T53: 74.401 | U53: NULL | V53: NULL | W53: 58807
A54: 43617 | B54: 43617 | C54: Licitación Caren y Cec (SIC 2013/03-2) BS1A | D54: Reliq. Energia Licitaciones | E54: Energía | F54: Lic. SIC 2013/03-2 bloques BS1A: Reliq. Energía jun 2019 | G54: 43693 | H54: 33 | I54: NULL | J54: s | K54: s | L54: BS1A | M54: Caren | N54: Cec | O54: 41335 | P54: CEC | Q54: 2 | R54: A.MELIP 220 | S54: 0.011666 | T54: 75.737 | U54: NULL | V54: NULL | W54: 1
A55: 43617 | B55: 43617 | C55: Licitación Caren y Cec (SIC 2013/03-2) BS1A | D55: Energia Licitaciones | E55: Energía | F55: Lic. SIC 2013/03-2 bloques BS1A: Energía jun 2019 | G55: 43655 | H55: 33 | I55: 9022 | J55: s | K55: s | L55: BS1A | M55: Caren | N55: Cec | O55: 41335 | P55: CEC | Q55: 2 | R55: A.MELIP 220 | S55: 5.19207 | T55: 75.737 | U55: NULL | V55: NULL | W55: 393
A56: 43617 | B56: 43617 | C56: Licitación Caren y Cec (SIC 2013/03-2) BS1A | D56: Reliq. Energia Licitaciones | E56: Energía | F56: Lic. SIC 2013/03-2 bloques BS1A: Reliq. Energía jun 2019 | G56: 43693 | H56: 33 | I56: NULL | J56: s | K56: s | L56: BS1A | M56: Caren | N56: Cec | O56: 41335 | P56: CEC | Q56: 3 | R56: CHARRUA 220 | S56: 0.551932 | T56: 70.437 | U56: NULL | V56: NULL | W56: 39
A57: 43617 | B57: 43617 | C57: Licitación Caren y Cec (SIC 2013/03-2) BS1A | D57: Energia Licitaciones | E57: Energía | F57: Lic. SIC 2013/03-2 bloques BS1A: Energía jun 2019 | G57: 43655 | H57: 33 | I57: 9022 | J57: s | K57: s | L57: BS1A | M57: Caren | N57: Cec | O57: 41335 | P57: CEC | Q57: 3 | R57: CHARRUA 220 | S57: 245.64498 | T57: 70.437 | U57: NULL | V57: NULL | W57: 17302
A58: 43617 | B58: 43617 | C58: Licitación Caren y Cec (SIC 2013/03-2) BS1A | D58: Reliq. Energia Licitaciones | E58: Energía | F58: Lic. SIC 2013/03-2 bloques BS1A: Reliq. Energía jun 2019 | G58: 43693 | H58: 33 | I58: NULL | J58: s | K58: s | L58: BS1A | M58: Caren | N58: Cec | O58: 41335 | P58: CEC | Q58: 4 | R58: ITAHUE 220 | S58: 2.701975 | T58: 71.984 | U58: NULL | V58: NULL | W58: 194
A59: 43617 | B59: 43617 | C59: Licitación Caren y Cec (SIC 2013/03-2) BS1A | D59: Energia Licitaciones | E59: Energía | F59: Lic. SIC 2013/03-2 bloques BS1A: Energía jun 2019 | G59: 43655 | H59: 33 | I59: 9022 | J59: s | K59: s | L59: BS1A | M59: Caren | N59: Cec | O59: 41335 | P59: CEC | Q59: 4 | R59: ITAHUE 220 | S59: 1202.5506 | T59: 71.984 | U59: NULL | V59: NULL | W59: 86564
A60: 43617 | B60: 43617 | C60: Licitación Caren y Cec (SIC 2013/03-2) BS1A | D60: Reliq. Energia Licitaciones | E60: Energía | F60: Lic. SIC 2013/03-2 bloques BS1A: Reliq. Energía jun 2019 | G60: 43693 | H60: 33 | I60: NULL | J60: s | K60: s | L60: BS1A | M60: Caren | N60: Cec | O60: 41335 | P60: CEC | Q60: 5 | R60: RAPEL 220 | S60: 0.010724 | T60: 75.617 | U60: NULL | V60: NULL | W60: 1
A61: 43617 | B61: 43617 | C61: Licitación Caren y Cec (SIC 2013/03-2) BS1A | D61: Energia Licitaciones | E61: Energía | F61: Lic. SIC 2013/03-2 bloques BS1A: Energía jun 2019 | G61: 43655 | H61: 33 | I61: 9022 | J61: s | K61: s | L61: BS1A | M61: Caren | N61: Cec | O61: 41335 | P61: CEC | Q61: 5 | R61: RAPEL 220 | S61: 4.772954 | T61: 75.617 | U61: NULL | V61: NULL | W61: 361
A62: 43647 | B62: 43647 | C62: Licitación Caren y Cec (SIC 2013/03-2) BS1A | D62: Reliq. Energia Licitaciones | E62: Energía | F62: Lic. SIC 2013/03-2 bloques BS1A: Reliq. Energía jul 2019 | G62: 43914.908 | H62: 61 | I62: NULL | J62: s | K62: s | L62: BS1A | M62: Caren | N62: Cec | O62: 41335 | P62: CEC | Q62: 1 | R62: A.JAHUEL 220 | S62: 1 | T62: -19 | U62: NULL | V62: NULL | W62: -19
A63: 43647 | B63: 43647 | C63: Licitación Caren y Cec (SIC 2013/03-2) BS1A | D63: Energia Licitaciones | E63: Energía | F63: Lic. SIC 2013/03-2 bloques BS1A: Energía jul 2019 | G63: 43686 | H63: 33 | I63: 9466 | J63: s | K63: s | L63: BS1A | M63: Caren | N63: Cec | O63: 41335 | P63: CEC | Q63: 1 | R63: A.JAHUEL 220 | S63: 842.75503 | T63: 74.401 | U63: NULL | V63: NULL | W63: 62702
A64: 43647 | B64: 43647 | C64: Licitación Caren y Cec (SIC 2013/03-2) BS1A | D64: Energia Licitaciones | E64: Energía | F64: Lic. SIC 2013/03-2 bloques BS1A: Energía jul 2019 | G64: 43686 | H64: 33 | I64: 9466 | J64: s | K64: s | L64: BS1A | M64: Caren | N64: Cec | O64: 41335 | P64: CEC | Q64: 2 | R64: A.MELIP 220 | S64: 3.672508 | T64: 75.737 | U64: NULL | V64: NULL | W64: 278
A65: 43647 | B65: 43647 | C65: Licitación Caren y Cec (SIC 2013/03-2) BS1A | D65: Reliq. Energia Licitaciones | E65: Energía | F65: Lic. SIC 2013/03-2 bloques BS1A: Reliq. Energía jul 2019 | G65: 43914.908 | H65: 61 | I65: NULL | J65: s | K65: s | L65: BS1A | M65: Caren | N65: Cec | O65: 41335 | P65: CEC | Q65: 3 | R65: CHARRUA 220 | S65: 1 | T65: -3 | U65: NULL | V65: NULL | W65: -3
A66: 43647 | B66: 43647 | C66: Licitación Caren y Cec (SIC 2013/03-2) BS1A | D66: Energia Licitaciones | E66: Energía | F66: Lic. SIC 2013/03-2 bloques BS1A: Energía jul 2019 | G66: 43686 | H66: 33 | I66: 9466 | J66: s | K66: s | L66: BS1A | M66: Caren | N66: Cec | O66: 41335 | P66: CEC | Q66: 3 | R66: CHARRUA 220 | S66: 171.56035 | T66: 70.437 | U66: NULL | V66: NULL | W66: 12084
A67: 43647 | B67: 43647 | C67: Licitación Caren y Cec (SIC 2013/03-2) BS1A | D67: Reliq. Energia Licitaciones | E67: Energía | F67: Lic. SIC 2013/03-2 bloques BS1A: Reliq. Energía jul 2019 | G67: 43914.908 | H67: 61 | I67: NULL | J67: s | K67: s | L67: BS1A | M67: Caren | N67: Cec | O67: 41335 | P67: CEC | Q67: 4 | R67: ITAHUE 220 | S67: 1 | T67: -25 | U67: NULL | V67: NULL | W67: -25
A68: 43647 | B68: 43647 | C68: Licitación Caren y Cec (SIC 2013/03-2) BS1A | D68: Energia Licitaciones | E68: Energía | F68: Lic. SIC 2013/03-2 bloques BS1A: Energía jul 2019 | G68: 43686 | H68: 33 | I68: 9466 | J68: s | K68: s | L68: BS1A | M68: Caren | N68: Cec | O68: 41335 | P68: CEC | Q68: 4 | R68: ITAHUE 220 | S68: 1210.3737 | T68: 71.984 | U68: NULL | V68: NULL | W68: 87128
A69: 43647 | B69: 43647 | C69: Licitación Caren y Cec (SIC 2013/03-2) BS1A | D69: Energia Licitaciones | E69: Energía | F69: Lic. SIC 2013/03-2 bloques BS1A: Energía jul 2019 | G69: 43686 | H69: 33 | I69: 9466 | J69: s | K69: s | L69: BS1A | M69: Caren | N69: Cec | O69: 41335 | P69: CEC | Q69: 5 | R69: RAPEL 220 | S69: 3.777267 | T69: 75.617 | U69: NULL | V69: NULL | W69: 286
A70: 43678 | B70: 43678 | C70: Licitación Caren y Cec (SIC 2013/03-2) BS1A | D70: Reliq. Energia Licitaciones | E70: Energía | F70: Lic. SIC 2013/03-2 bloques BS1A: Reliq. Energía ago 2019 | G70: 43915.394 | H70: 61 | I70: NULL | J70: s | K70: s | L70: BS1A | M70: Caren | N70: Cec | O70: 41335 | P70: CEC | Q70: 1 | R70: A.JAHUEL 220 | S70: 1 | T70: -415 | U70: NULL | V70: NULL | W70: -415
A71: 43678 | B71: 43678 | C71: Licitación Caren y Cec (SIC 2013/03-2) BS1A | D71: Energia Licitaciones | E71: Energía | F71: Lic. SIC 2013/03-2 bloques BS1A: Energía ago 2019 | G71: 43719 | H71: 33 | I71: 9996 | J71: s | K71: s | L71: BS1A | M71: Caren | N71: Cec | O71: 41335 | P71: CEC | Q71: 1 | R71: A.JAHUEL 220 | S71: 797.16754 | T71: 74.401 | U71: NULL | V71: NULL | W71: 59310
A72: 43678 | B72: 43678 | C72: Licitación Caren y Cec (SIC 2013/03-2) BS1A | D72: Reliq. Energia Licitaciones | E72: Energía | F72: Lic. SIC 2013/03-2 bloques BS1A: Reliq. Energía ago 2019 | G72: 43915.394 | H72: 61 | I72: NULL | J72: s | K72: s | L72: BS1A | M72: Caren | N72: Cec | O72: 41335 | P72: CEC | Q72: 2 | R72: A.MELIP 220 | S72: 1 | T72: -2 | U72: NULL | V72: NULL | W72: -2
A73: 43678 | B73: 43678 | C73: Licitación Caren y Cec (SIC 2013/03-2) BS1A | D73: Energia Licitaciones | E73: Energía | F73: Lic. SIC 2013/03-2 bloques BS1A: Energía ago 2019 | G73: 43719 | H73: 33 | I73: 9996 | J73: s | K73: s | L73: BS1A | M73: Caren | N73: Cec | O73: 41335 | P73: CEC | Q73: 2 | R73: A.MELIP 220 | S73: 3.351295 | T73: 75.737 | U73: NULL | V73: NULL | W73: 254
A74: 43678 | B74: 43678 | C74: Licitación Caren y Cec (SIC 2013/03-2) BS1A | D74: Reliq. Energia Licitaciones | E74: Energía | F74: Lic. SIC 2013/03-2 bloques BS1A: Reliq. Energía ago 2019 | G74: 43915.394 | H74: 61 | I74: NULL | J74: s | K74: s | L74: BS1A | M74: Caren | N74: Cec | O74: 41335 | P74: CEC | Q74: 3 | R74: CHARRUA 220 | S74: 1 | T74: -80 | U74: NULL | V74: NULL | W74: -80
A75: 43678 | B75: 43678 | C75: Licitación Caren y Cec (SIC 2013/03-2) BS1A | D75: Energia Licitaciones | E75: Energía | F75: Lic. SIC 2013/03-2 bloques BS1A: Energía ago 2019 | G75: 43719 | H75: 33 | I75: 9996 | J75: s | K75: s | L75: BS1A | M75: Caren | N75: Cec | O75: 41335 | P75: CEC | Q75: 3 | R75: CHARRUA 220 | S75: 162.1168 | T75: 70.437 | U75: NULL | V75: NULL | W75: 11419
A76: 43678 | B76: 43678 | C76: Licitación Caren y Cec (SIC 2013/03-2) BS1A | D76: Reliq. Energia Licitaciones | E76: Energía | F76: Lic. SIC 2013/03-2 bloques BS1A: Reliq. Energía ago 2019 | G76: 43915.394 | H76: 61 | I76: NULL | J76: s | K76: s | L76: BS1A | M76: Caren | N76: Cec | O76: 41335 | P76: CEC | Q76: 4 | R76: ITAHUE 220 | S76: 1 | T76: -572 | U76: NULL | V76: NULL | W76: -572
A77: 43678 | B77: 43678 | C77: Licitación Caren y Cec (SIC 2013/03-2) BS1A | D77: Energia Licitaciones | E77: Energía | F77: Lic. SIC 2013/03-2 bloques BS1A: Energía ago 2019 | G77: 43719 | H77: 33 | I77: 9996 | J77: s | K77: s | L77: BS1A | M77: Caren | N77: Cec | O77: 41335 | P77: CEC | Q77: 4 | R77: ITAHUE 220 | S77: 1136.7024 | T77: 71.984 | U77: NULL | V77: NULL | W77: 81824
A78: 43678 | B78: 43678 | C78: Licitación Caren y Cec (SIC 2013/03-2) BS1A | D78: Reliq. Energia Licitaciones | E78: Energía | F78: Lic. SIC 2013/03-2 bloques BS1A: Reliq. Energía ago 2019 | G78: 43915.394 | H78: 61 | I78: NULL | J78: s | K78: s | L78: BS1A | M78: Caren | N78: Cec | O78: 41335 | P78: CEC | Q78: 5 | R78: RAPEL 220 | S78: 1 | T78: -2 | U78: NULL | V78: NULL | W78: -2
A79: 43678 | B79: 43678 | C79: Licitación Caren y Cec (SIC 2013/03-2) BS1A | D79: Energia Licitaciones | E79: Energía | F79: Lic. SIC 2013/03-2 bloques BS1A: Energía ago 2019 | G79: 43719 | H79: 33 | I79: 9996 | J79: s | K79: s | L79: BS1A | M79: Caren | N79: Cec | O79: 41335 | P79: CEC | Q79: 5 | R79: RAPEL 220 | S79: 3.471597 | T79: 75.617 | U79: NULL | V79: NULL | W79: 263
A80: 43709 | B80: 43709 | C80: Licitación Caren y Cec (SIC 2013/03-2) BS1A | D80: Energia Licitaciones | E80: Energía | F80: Lic. SIC 2013/03-2 bloques BS1A: Energía sep 2019 | G80: 43748 | H80: 33 | I80: 10390 | J80: s | K80: s | L80: BS1A | M80: Caren | N80: Cec | O80: 41335 | P80: CEC | Q80: 1 | R80: A.JAHUEL 220 | S80: 755.96652 | T80: 77.384 | U80: NULL | V80: NULL | W80: 58500
A81: 43709 | B81: 43709 | C81: Licitación Caren y Cec (SIC 2013/03-2) BS1A | D81: Energia Licitaciones | E81: Energía | F81: Lic. SIC 2013/03-2 bloques BS1A: Energía sep 2019 | G81: 43748 | H81: 33 | I81: 10390 | J81: s | K81: s | L81: BS1A | M81: Caren | N81: Cec | O81: 41335 | P81: CEC | Q81: 2 | R81: A.MELIP 220 | S81: 3.24005 | T81: 79.429 | U81: NULL | V81: NULL | W81: 257
A82: 43709 | B82: 43709 | C82: Licitación Caren y Cec (SIC 2013/03-2) BS1A | D82: Energia Licitaciones | E82: Energía | F82: Lic. SIC 2013/03-2 bloques BS1A: Energía sep 2019 | G82: 43748 | H82: 33 | I82: 10390 | J82: s | K82: s | L82: BS1A | M82: Caren | N82: Cec | O82: 41335 | P82: CEC | Q82: 3 | R82: CHARRUA 220 | S82: 154.71328 | T82: 72.4 | U82: NULL | V82: NULL | W82: 11201
A83: 43709 | B83: 43709 | C83: Licitación Caren y Cec (SIC 2013/03-2) BS1A | D83: Energia Licitaciones | E83: Energía | F83: Lic. SIC 2013/03-2 bloques BS1A: Energía sep 2019 | G83: 43748 | H83: 33 | I83: 10390 | J83: s | K83: s | L83: BS1A | M83: Caren | N83: Cec | O83: 41335 | P83: CEC | Q83: 4 | R83: ITAHUE 220 | S83: 1084.1758 | T83: 74.936 | U83: NULL | V83: NULL | W83: 81244
A84: 43709 | B84: 43709 | C84: Licitación Caren y Cec (SIC 2013/03-2) BS1A | D84: Energia Licitaciones | E84: Energía | F84: Lic. SIC 2013/03-2 bloques BS1A: Energía sep 2019 | G84: 43748 | H84: 33 | I84: 10390 | J84: s | K84: s | L84: BS1A | M84: Caren | N84: Cec | O84: 41335 | P84: CEC | Q84: 5 | R84: RAPEL 220 | S84: 3.358734 | T84: 75.665 | U84: NULL | V84: NULL | W84: 254
A85: 43739 | B85: 43709 | C85: Licitación Caren y Cec (SIC 2013/03-2) BS1A | D85: Reliq. por PNP Energia Licitaciones | E85: Energía | F85: Lic. SIC 2013/03-2 bloques BS1A: Energía 2019-9 facturada | G85: 43944.473 | H85: 61 | I85: NULL | J85: s | K85: s | L85: BS1A | M85: Caren | N85: Cec | O85: 41335 | P85: CEC | Q85: 1 | R85: A.JAHUEL 220 | S85: -755.96652 | T85: 77.384 | U85: NULL | V85: NULL | W85: -58500
A86: 43739 | B86: 43709 | C86: Licitación Caren y Cec (SIC 2013/03-2) BS1A | D86: Reliq. por PNP Energia Licitaciones | E86: Energía | F86: Lic. SIC 2013/03-2 bloques BS1A: Energía 2019-9 PEC 7T-2019 | G86: 43944.473 | H86: 61 | I86: NULL | J86: s | K86: s | L86: BS1A | M86: Caren | N86: Cec | O86: 41335 | P86: CEC | Q86: 1 | R86: A.JAHUEL 220 | S86: 764.87857 | T86: 74.401 | U86: NULL | V86: NULL | W86: 56908
A87: 43739 | B87: 43739 | C87: Licitación Caren y Cec (SIC 2013/03-2) BS1A | D87: Reliq. Energia Licitaciones | E87: Energía | F87: Reliq. Lic. SIC 2013/03-2 bloques BS1A: Energía oct 2019 | G87: 43812 | H87: 61 | I87: NULL | J87: s | K87: s | L87: BS1A | M87: Caren | N87: Cec | O87: 41335 | P87: CEC | Q87: 1 | R87: A.JAHUEL 220 | S87: 1 | T87: -194 | U87: NULL | V87: NULL | W87: -194
A88: 43739 | B88: 43739 | C88: Licitación Caren y Cec (SIC 2013/03-2) BS1A | D88: Energia Licitaciones | E88: Energía | F88: Lic. SIC 2013/03-2 bloques BS1A: Energía oct 2019 | G88: 43781 | H88: 33 | I88: 10809 | J88: s | K88: s | L88: BS1A | M88: Caren | N88: Cec | O88: 41335 | P88: CEC | Q88: 1 | R88: A.JAHUEL 220 | S88: 910.42412 | T88: 74.401 | U88: NULL | V88: NULL | W88: 67736
A89: 43739 | B89: 43709 | C89: Licitación Caren y Cec (SIC 2013/03-2) BS1A | D89: Reliq. por PNP Energia Licitaciones | E89: Energía | F89: Lic. SIC 2013/03-2 bloques BS1A: Energía 2019-9 facturada | G89: 43944.473 | H89: 61 | I89: NULL | J89: s | K89: s | L89: BS1A | M89: Caren | N89: Cec | O89: 41335 | P89: CEC | Q89: 2 | R89: A.MELIP 220 | S89: -3.24005 | T89: 79.429 | U89: NULL | V89: NULL | W89: -257
A90: 43739 | B90: 43709 | C90: Licitación Caren y Cec (SIC 2013/03-2) BS1A | D90: Reliq. por PNP Energia Licitaciones | E90: Energía | F90: Lic. SIC 2013/03-2 bloques BS1A: Energía 2019-9 PEC 7T-2019 | G90: 43944.473 | H90: 61 | I90: NULL | J90: s | K90: s | L90: BS1A | M90: Caren | N90: Cec | O90: 41335 | P90: CEC | Q90: 2 | R90: A.MELIP 220 | S90: 3.278247 | T90: 75.737 | U90: NULL | V90: NULL | W90: 248
A91: 43739 | B91: 43739 | C91: Licitación Caren y Cec (SIC 2013/03-2) BS1A | D91: Reliq. Energia Licitaciones | E91: Energía | F91: Reliq. Lic. SIC 2013/03-2 bloques BS1A: Energía oct 2019 | G91: 43812 | H91: 61 | I91: NULL | J91: s | K91: s | L91: BS1A | M91: Caren | N91: Cec | O91: 41335 | P91: CEC | Q91: 2 | R91: A.MELIP 220 | S91: 1 | T91: -1 | U91: NULL | V91: NULL | W91: -1
A92: 43739 | B92: 43739 | C92: Licitación Caren y Cec (SIC 2013/03-2) BS1A | D92: Energia Licitaciones | E92: Energía | F92: Lic. SIC 2013/03-2 bloques BS1A: Energía oct 2019 | G92: 43781 | H92: 33 | I92: 10809 | J92: s | K92: s | L92: BS1A | M92: Caren | N92: Cec | O92: 41335 | P92: CEC | Q92: 2 | R92: A.MELIP 220 | S92: 3.92416 | T92: 75.737 | U92: NULL | V92: NULL | W92: 297
A93: 43739 | B93: 43709 | C93: Licitación Caren y Cec (SIC 2013/03-2) BS1A | D93: Reliq. por PNP Energia Licitaciones | E93: Energía | F93: Lic. SIC 2013/03-2 bloques BS1A: Energía 2019-9 facturada | G93: 43944.473 | H93: 61 | I93: NULL | J93: s | K93: s | L93: BS1A | M93: Caren | N93: Cec | O93: 41335 | P93: CEC | Q93: 3 | R93: CHARRUA 220 | S93: -154.71328 | T93: 72.4 | U93: NULL | V93: NULL | W93: -11201
A94: 43739 | B94: 43709 | C94: Licitación Caren y Cec (SIC 2013/03-2) BS1A | D94: Reliq. por PNP Energia Licitaciones | E94: Energía | F94: Lic. SIC 2013/03-2 bloques BS1A: Energía 2019-9 PEC 7T-2019 | G94: 43944.473 | H94: 61 | I94: NULL | J94: s | K94: s | L94: BS1A | M94: Caren | N94: Cec | O94: 41335 | P94: CEC | Q94: 3 | R94: CHARRUA 220 | S94: 156.53718 | T94: 70.437 | U94: NULL | V94: NULL | W94: 11026
A95: 43739 | B95: 43739 | C95: Licitación Caren y Cec (SIC 2013/03-2) BS1A | D95: Reliq. Energia Licitaciones | E95: Energía | F95: Reliq. Lic. SIC 2013/03-2 bloques BS1A: Energía oct 2019 | G95: 43812 | H95: 61 | I95: NULL | J95: s | K95: s | L95: BS1A | M95: Caren | N95: Cec | O95: 41335 | P95: CEC | Q95: 3 | R95: CHARRUA 220 | S95: 1 | T95: -38 | U95: NULL | V95: NULL | W95: -38
A96: 43739 | B96: 43739 | C96: Licitación Caren y Cec (SIC 2013/03-2) BS1A | D96: Energia Licitaciones | E96: Energía | F96: Lic. SIC 2013/03-2 bloques BS1A: Energía oct 2019 | G96: 43781 | H96: 33 | I96: 10809 | J96: s | K96: s | L96: BS1A | M96: Caren | N96: Cec | O96: 41335 | P96: CEC | Q96: 3 | R96: CHARRUA 220 | S96: 188.28671 | T96: 70.437 | U96: NULL | V96: NULL | W96: 13262
A97: 43739 | B97: 43709 | C97: Licitación Caren y Cec (SIC 2013/03-2) BS1A | D97: Reliq. por PNP Energia Licitaciones | E97: Energía | F97: Lic. SIC 2013/03-2 bloques BS1A: Energía 2019-9 facturada | G97: 43944.473 | H97: 61 | I97: NULL | J97: s | K97: s | L97: BS1A | M97: Caren | N97: Cec | O97: 41335 | P97: CEC | Q97: 4 | R97: ITAHUE 220 | S97: -1084.1758 | T97: 74.936 | U97: NULL | V97: NULL | W97: -81244
A98: 43739 | B98: 43709 | C98: Licitación Caren y Cec (SIC 2013/03-2) BS1A | D98: Reliq. por PNP Energia Licitaciones | E98: Energía | F98: Lic. SIC 2013/03-2 bloques BS1A: Energía 2019-9 PEC 7T-2019 | G98: 43944.473 | H98: 61 | I98: NULL | J98: s | K98: s | L98: BS1A | M98: Caren | N98: Cec | O98: 41335 | P98: CEC | Q98: 4 | R98: ITAHUE 220 | S98: 1096.9571 | T98: 71.984 | U98: NULL | V98: NULL | W98: 78963
A99: 43739 | B99: 43739 | C99: Licitación Caren y Cec (SIC 2013/03-2) BS1A | D99: Reliq. Energia Licitaciones | E99: Energía | F99: Reliq. Lic. SIC 2013/03-2 bloques BS1A: Energía oct 2019 | G99: 43812 | H99: 61 | I99: NULL | J99: s | K99: s | L99: BS1A | M99: Caren | N99: Cec | O99: 41335 | P99: CEC | Q99: 4 | R99: ITAHUE 220 | S99: 1 | T99: -270 | U99: NULL | V99: NULL | W99: -270
A100: 43739 | B100: 43739 | C100: Licitación Caren y Cec (SIC 2013/03-2) BS1A | D100: Energia Licitaciones | E100: Energía | F100: Lic. SIC 2013/03-2 bloques BS1A: Energía oct 2019 | G100: 43781 | H100: 33 | I100: 10809 | J100: s | K100: s | L100: BS1A | M100: Caren | N100: Cec | O100: 41335 | P100: CEC | Q100: 4 | R100: ITAHUE 220 | S100: 1311.6713 | T100: 71.984 | U100: NULL | V100: NULL | W100: 94419
...

Sheet SIGGE_P
A1: Periodo | B1: MesDevengado | C1: Nombre | D1: Concepto | E1: Agrupacion | F1: Glosa | G1: FechaCarga | H1: TipoDocumento | I1: Folio | J1: Vendedor | K1: Comprador | L1: Bloque | M1: Empresa | N1: ClaveEEDD | O1: Licitacion | P1: NomAgrupacion | Q1: Num | R1: Barra | S1: Energia | T1: PrecioEnergia | U1: Potencia | V1: PrecioPotencia | W1: Monto
A2: 43556 | B2: 43556 | C2: Licitación Caren y Cec (SIC 2013/03-2) BS1A | D2: Potencia Licitaciones | E2: Potencia | F2: Lic. SIC 2013/03-2 bloques BS1A: Potencia abr 2019 | G2: 43598 | H2: 33 | I2: 8451 | J2: s | K2: s | L2: BS1A | M2: Caren | N2: Cec | O2: 41335 | P2: CEC | Q2: 1 | R2: A.JAHUEL 220 | S2: NULL | T2: NULL | U2: 0 | V2: 0 | W2: 0
A3: 43556 | B3: 43556 | C3: Licitación Caren y Cec (SIC 2013/03-2) BS1A | D3: Potencia Licitaciones | E3: Potencia | F3: Lic. SIC 2013/03-2 bloques BS1A: Potencia abr 2019 | G3: 43598 | H3: 33 | I3: 8451 | J3: s | K3: s | L3: BS1A | M3: Caren | N3: Cec | O3: 41335 | P3: CEC | Q3: 2 | R3: A.MELIP 220 | S3: NULL | T3: NULL | U3: 0 | V3: 0 | W3: 0
A4: 43556 | B4: 43556 | C4: Licitación Caren y Cec (SIC 2013/03-2) BS1A | D4: Potencia Licitaciones | E4: Potencia | F4: Lic. SIC 2013/03-2 bloques BS1A: Potencia abr 2019 | G4: 43598 | H4: 33 | I4: 8451 | J4: s | K4: s | L4: BS1A | M4: Caren | N4: Cec | O4: 41335 | P4: CEC | Q4: 3 | R4: CHARRUA 220 | S4: NULL | T4: NULL | U4: 0 | V4: 0 | W4: 0
A5: 43556 | B5: 43556 | C5: Licitación Caren y Cec (SIC 2013/03-2) BS1A | D5: Potencia Licitaciones | E5: Potencia | F5: Lic. SIC 2013/03-2 bloques BS1A: Potencia abr 2019 | G5: 43598 | H5: 33 | I5: 8451 | J5: s | K5: s | L5: BS1A | M5: Caren | N5: Cec | O5: 41335 | P5: CEC | Q5: 4 | R5: ITAHUE 220 | S5: NULL | T5: NULL | U5: 0 | V5: 0 | W5: 0
A6: 43556 | B6: 43556 | C6: Licitación Caren y Cec (SIC 2013/03-2) BS1A | D6: Potencia Licitaciones | E6: Potencia | F6: Lic. SIC 2013/03-2 bloques BS1A: Potencia abr 2019 | G6: 43598 | H6: 33 | I6: 8451 | J6: s | K6: s | L6: BS1A | M6: Caren | N6: Cec | O6: 41335 | P6: CEC | Q6: 5 | R6: RAPEL 220 | S6: NULL | T6: NULL | U6: 0 | V6: 0 | W6: 0
A7: 43586 | B7: 43586 | C7: Licitación Caren y Cec (SIC 2013/03-2) BS1A | D7: Potencia Licitaciones | E7: Potencia | F7: Lic. SIC 2013/03-2 bloques BS1A: Potencia may 2019 | G7: 43627 | H7: 33 | I7: 8768 | J7: s | K7: s | L7: BS1A | M7: Caren | N7: Cec | O7: 41335 | P7: CEC | Q7: 1 | R7: A.JAHUEL 220 | S7: NULL | T7: NULL | U7: 0 | V7: 0 | W7: 0
A8: 43586 | B8: 43586 | C8: Licitación Caren y Cec (SIC 2013/03-2) BS1A | D8: Potencia Licitaciones | E8: Potencia | F8: Lic. SIC 2013/03-2 bloques BS1A: Potencia may 2019 | G8: 43627 | H8: 33 | I8: 8768 | J8: s | K8: s | L8: BS1A | M8: Caren | N8: Cec | O8: 41335 | P8: CEC | Q8: 2 | R8: A.MELIP 220 | S8: NULL | T8: NULL | U8: 0 | V8: 0 | W8: 0
A9: 43586 | B9: 43586 | C9: Licitación Caren y Cec (SIC 2013/03-2) BS1A | D9: Potencia Licitaciones | E9: Potencia | F9: Lic. SIC 2013/03-2 bloques BS1A: Potencia may 2019 | G9: 43627 | H9: 33 | I9: 8768 | J9: s | K9: s | L9: BS1A | M9: Caren | N9: Cec | O9: 41335 | P9: CEC | Q9: 3 | R9: CHARRUA 220 | S9: NULL | T9: NULL | U9: 0 | V9: 0 | W9: 0
A10: 43586 | B10: 43586 | C10: Licitación Caren y Cec (SIC 2013/03-2) BS1A | D10: Potencia Licitaciones | E10: Potencia | F10: Lic. SIC 2013/03-2 bloques BS1A: Potencia may 2019 | G10: 43627 | H10: 33 | I10: 8768 | J10: s | K10: s | L10: BS1A | M10: Caren | N10: Cec | O10: 41335 | P10: CEC | Q10: 4 | R10: ITAHUE 220 | S10: NULL | T10: NULL | U10: 0 | V10: 0 | W10: 0
A11: 43586 | B11: 43586 | C11: Licitación Caren y Cec (SIC 2013/03-2) BS1A | D11: Potencia Licitaciones | E11: Potencia | F11: Lic. SIC 2013/03-2 bloques BS1A: Potencia may 2019 | G11: 43627 | H11: 33 | I11: 8768 | J11: s | K11: s | L11: BS1A | M11: Caren | N11: Cec | O11: 41335 | P11: CEC | Q11: 5 | R11: RAPEL 220 | S11: NULL | T11: NULL | U11: 0 | V11: 0 | W11: 0
A12: 43617 | B12: 43617 | C12: Licitación Caren y Cec (SIC 2013/03-2) BS1A | D12: Potencia Licitaciones | E12: Potencia | F12: Lic. SIC 2013/03-2 bloques BS1A: Potencia jun 2019 | G12: 43655 | H12: 33 | I12: 9022 | J12: s | K12: s | L12: BS1A | M12: Caren | N12: Cec | O12: 41335 | P12: CEC | Q12: 1 | R12: A.JAHUEL 220 | S12: NULL | T12: NULL | U12: 0 | V12: 0 | W12: 0
A13: 43617 | B13: 43617 | C13: Licitación Caren y Cec (SIC 2013/03-2) BS1A | D13: Potencia Licitaciones | E13: Potencia | F13: Lic. SIC 2013/03-2 bloques BS1A: Potencia jun 2019 | G13: 43655 | H13: 33 | I13: 9022 | J13: s | K13: s | L13: BS1A | M13: Caren | N13: Cec | O13: 41335 | P13: CEC | Q13: 2 | R13: A.MELIP 220 | S13: NULL | T13: NULL | U13: 0 | V13: 0 | W13: 0
... A31: 43709 | B31: 43739 | C31: Licitación Caren y Cec (SIC 2013/03-2) BS1A | D31: Potencia Licitaciones | E31: Potencia | F31: Lic. SIC 2013/03-2 bloques BS1A: Potencia oct 2019 | G31: 43748 | H31: 33 | I31: 10390 | J31: s | K31: s | L31: BS1A | M31: Caren | N31: Cec | O31: 41335 | P31: CEC | Q31: 5 | R31: RAPEL 220 | S31: NULL | T31: NULL | U31: 0 | V31: 0 | W31: 0
A32: 43739 | B32: 43709 | C32: Licitación Caren y Cec (SIC 2013/03-2) BS1A | D32: Reliq. por PNP Potencia Licitaciones | E32: Potencia | F32: Lic. SIC 2013/03-2 bloques BS1A: Potencia 2019-9 PEC 7T-2019 | G32: 43944.473 | H32: 61 | I32: NULL | J32: s | K32: s | L32: BS1A | M32: Caren | N32: Cec | O32: 41335 | P32: CEC | Q32: 1 | R32: A.JAHUEL 220 | S32: NULL | T32: NULL | U32: 0 | V32: 5969.53 | W32: 0
A33: 43739 | B33: 43709 | C33: Licitación Caren y Cec (SIC 2013/03-2) BS1A | D33: Reliq. por PNP Potencia Licitaciones | E33: Potencia | F33: Lic. SIC 2013/03-2 bloques BS1A: Potencia 2019-9 facturada | G33: 43944.473 | H33: 61 | I33: NULL | J33: s | K33: s | L33: BS1A | M33: Caren | N33: Cec | O33: 41335 | P33: CEC | Q33: 1 | R33: A.JAHUEL 220 | S33: NULL | T33: NULL | U33: 0 | V33: 6360.2 | W33: 0
A34: 43739 | B34: 43739 | C34: Licitación Caren y Cec (SIC 2013/03-2) BS1A | D34: Potencia Licitaciones | E34: Potencia | F34: Lic. SIC 2013/03-2 bloques BS1A: Potencia oct 2019 | G34: 43781 | H34: 33 | I34: 10809 | J34: s | K34: s | L34: BS1A | M34: Caren | N34: Cec | O34: 41335 | P34: CEC | Q34: 1 | R34: A.JAHUEL 220 | S34: NULL | T34: NULL | U34: 0 | V34: 5969.53 | W34: 0
A35: 43739 | B35: 43709 | C35: Licitación Caren y Cec (SIC 2013/03-2) BS1A | D35: Reliq. por PNP Potencia Licitaciones | E35: Potencia | F35: Lic. SIC 2013/03-2 bloques BS1A: Potencia 2019-9 PEC 7T-2019 | G35: 43944.473 | H35: 61 | I35: NULL | J35: s | K35: s | L35: BS1A | M35: Caren | N35: Cec | O35: 41335 | P35: CEC | Q35: 2 | R35: A.MELIP 220 | S35: NULL | T35: NULL | U35: 0 | V35: 6128.55 | W35: 0
A36: 43739 | B36: 43709 | C36: Licitación Caren y Cec (SIC 2013/03-2) BS1A | D36: Reliq. por PNP Potencia Licitaciones | E36: Potencia | F36: Lic. SIC 2013/03-2 bloques BS1A: Potencia 2019-9 facturada | G36: 43944.473 | H36: 61 | I36: NULL | J36: s | K36: s | L36: BS1A | M36: Caren | N36: Cec | O36: 41335 | P36: CEC | Q36: 2 | R36: A.MELIP 220 | S36: NULL | T36: NULL | U36: 0 | V36: 6409.16 | W36: 0
A37: 43739 | B37: 43739 | C37: Licitación Caren y Cec (SIC 2013/03-2) BS1A | D37: Potencia Licitaciones | E37: Potencia | F37: Lic. SIC 2013/03-2 bloques BS1A: Potencia oct 2019 | G37: 43781 | H37: 33 | I37: 10809 | J37: s | K37: s | L37: BS1A | M37: Caren | N37: Cec | O37: 41335 | P37: CEC | Q37: 2 | R37: A.MELIP 220 | S37: NULL | T37: NULL | U37: 0 | V37: 6128.55 | W37: 0
A38: 43739 | B38: 43709 | C38: Licitación Caren y Cec (SIC 2013/03-2) BS1A | D38: Reliq. por PNP Potencia Licitaciones | E38: Potencia | F38: Lic. SIC 2013/03-2 bloques BS1A: Potencia 2019-9 PEC 7T-2019 | G38: 43944.473 | H38: 61 | I38: NULL | J38: s | K38: s | L38: BS1A | M38: Caren | N38: Cec | O38: 41335 | P38: CEC | Q38: 3 | R38: CHARRUA 220 | S38: NULL | T38: NULL | U38: 0 | V38: 5735.8 | W38: 0
A39: 43739 | B39: 43709 | C39: Licitación Caren y Cec (SIC 2013/03-2) BS1A | D39: Reliq. por PNP Potencia Licitaciones | E39: Potencia | F39: Lic. SIC 2013/03-2 bloques BS1A: Potencia 2019-9 facturada | G39: 43944.473 | H39: 61 | I39: NULL | J39: s | K39: s | L39: BS1A | M39: Caren | N39: Cec | O39: 41335 | P39: CEC | Q39: 3 | R39: CHARRUA 220 | S39: NULL | T39: NULL | U39: 0 | V39: 6046.73 | W39: 0
A40: 43739 | B40: 43739 | C40: Licitación Caren y Cec (SIC 2013/03-2) BS1A | D40: Potencia Licitaciones | E40: Potencia | F40: Lic. SIC 2013/03-2 bloques BS1A: Potencia oct 2019 | G40: 43781 | H40: 33 | I40: 10809 | J40: s | K40: s | L40: BS1A | M40: Caren | N40: Cec | O40: 41335 | P40: CEC | Q40: 3 | R40: CHARRUA 220 | S40: NULL | T40: NULL | U40: 0 | V40: 5735.8 | W40: 0
A41: 43739 | B41: 43709 | C41: Licitación Caren y Cec (SIC 2013/03-2) BS1A | D41: Reliq. por PNP Potencia Licitaciones | E41: Potencia | F41: Lic. SIC 2013/03-2 bloques BS1A: Potencia 2019-9 PEC 7T-2019 | G41: 43944.473 | H41: 61 | I41: NULL | J41: s | K41: s | L41: BS1A | M41: Caren | N41: Cec | O41: 41335 | P41: CEC | Q41: 4 | R41: ITAHUE 220 | S41: NULL | T41: NULL | U41: 0 | V41: 5821.34 | W41: 0
A42: 43739 | B42: 43709 | C42: Licitación Caren y Cec (SIC 2013/03-2) BS1A | D42: Reliq. por PNP Potencia Licitaciones | E42: Potencia | F42: Lic. SIC 2013/03-2 bloques BS1A: Potencia 2019-9 facturada | G42: 43944.473 | H42: 61 | I42: NULL | J42: s | K42: s | L42: BS1A | M42: Caren | N42: Cec | O42: 41335 | P42: CEC | Q42: 4 | R42: ITAHUE 220 | S42: NULL | T42: NULL | U42: 0 | V42: 6160.55 | W42: 0
A43: 43739 | B43: 43739 | C43: Licitación Caren y Cec (SIC 2013/03-2) BS1A | D43: Potencia Licitaciones | E43: Potencia | F43: Lic. SIC 2013/03-2 bloques BS1A: Potencia oct 2019 | G43: 43781 | H43: 33 | I43: 10809 | J43: s | K43: s | L43: BS1A | M43: Caren | N43: Cec | O43: 41335 | P43: CEC | Q43: 4 | R43: ITAHUE 220 | S43: NULL | T43: NULL | U43: 0 | V43: 5821.34 | W43: 0
A44: 43739 | B44: 43709 | C44: Licitación Caren y Cec (SIC 2013/03-2) BS1A | D44: Reliq. por PNP Potencia Licitaciones | E44: Potencia | F44: Lic. SIC 2013/03-2 bloques BS1A: Potencia 2019-9 facturada | G44: 43944.473 | H44: 61 | I44: NULL | J44: s | K44: s | L44: BS1A | M44: Caren | N44: Cec | O44: 41335 | P44: CEC | Q44: 5 | R44: RAPEL 220 | S44: NULL | T44: NULL | U44: 0 | V44: 5634.08 | W44: 0
A45: 43739 | B45: 43709 | C45: Licitación Caren y Cec (SIC 2013/03-2) BS1A | D45: Reliq. por PNP Potencia Licitaciones | E45: Potencia | F45: Lic. SIC 2013/03-2 bloques BS1A: Potencia 2019-9 PEC 7T-2019 | G45: 43944.473 | H45: 61 | I45: NULL | J45: s | K45: s | L45: BS1A | M45: Caren | N45: Cec | O45: 41335 | P45: CEC | Q45: 5 | R45: RAPEL 220 | S45: NULL | T45: NULL | U45: 0 | V45: 6082.17 | W45: 0
A46: 43739 | B46: 43739 | C46: Licitación Caren y Cec (SIC 2013/03-2) BS1A | D46: Potencia Licitaciones | E46: Potencia | F46: Lic. SIC 2013/03-2 bloques BS1A: Potencia oct 2019 | G46: 43781 | H46: 33 | I46: 10809 | J46: s | K46: s | L46: BS1A | M46: Caren | N46: Cec | O46: 41335 | P46: CEC | Q46: 5 | R46: RAPEL 220 | S46: NULL | T46: NULL | U46: 0 | V46: 6082.17 | W46: 0
A47: 43770 | B47: 43770 | C47: Licitación Caren y Cec (SIC 2013/03-2) BS1A | D47: Potencia Licitaciones | E47: Potencia | F47: Lic. SIC 2013/03-2 bloques BS1A: Potencia nov 2019 | G47: 43805 | H47: 33 | I47: 11167 | J47: s | K47: s | L47: BS1A | M47: Caren | N47: Cec | O47: 41335 | P47: CEC | Q47: 1 | R47: A.JAHUEL 220 | S47: NULL | T47: NULL | U47: 0 | V47: 5969.53 | W47: 0
A48: 43770 | B48: 43770 | C48: Licitación Caren y Cec (SIC 2013/03-2) BS1A | D48: Potencia Licitaciones | E48: Potencia | F48: Lic. SIC 2013/03-2 bloques BS1A: Potencia nov 2019 | G48: 43805 | H48: 33 | I48: 11167 | J48: s | K48: s | L48: BS1A | M48: Caren | N48: Cec | O48: 41335 | P48: CEC | Q48: 2 | R48: A.MELIP 220 | S48: NULL | T48: NULL | U48: 0 | V48: 6128.55 | W48: 0
A49: 43770 | B49: 43770 | C49: Licitación Caren y Cec (SIC 2013/03-2) BS1A | D49: Potencia Licitaciones | E49: Potencia | F49: Lic. SIC 2013/03-2 bloques BS1A: Potencia nov 2019 | G49: 43805 | H49: 33 | I49: 11167 | J49: s | K49: s | L49: BS1A | M49: Caren | N49: Cec | O49: 41335 | P49: CEC | Q49: 3 | R49: CHARRUA 220 | S49: NULL | T49: NULL | U49: 0 | V49: 5735.8 | W49: 0
A50: 43770 | B50: 43770 | C50: Licitación Caren y Cec (SIC 2013/03-2) BS1A | D50: Potencia Licitaciones | E50: Potencia | F50: Lic. SIC 2013/03-2 bloques BS1A: Potencia nov 2019 | G50: 43805 | H50: 33 | I50: 11167 | J50: s | K50: s | L50: BS1A | M50: Caren | N50: Cec | O50: 41335 | P50: CEC | Q50: 4 | R50: ITAHUE 220 | S50: NULL | T50: NULL | U50: 0 | V50: 5821.34 | W50: 0
A51: 43770 | B51: 43770 | C51: Licitación Caren y Cec (SIC 2013/03-2) BS1A | D51: Potencia Licitaciones | E51: Potencia | F51: Lic. SIC 2013/03-2 bloques BS1A: Potencia nov 2019 | G51: 43805 | H51: 33 | I51: 11167 | J51: s | K51: s | L51: BS1A | M51: Caren | N51: Cec | O51: 41335 | P51: CEC | Q51: 5 | R51: RAPEL 220 | S51: NULL | T51: NULL | U51: 0 | V51: 6082.17 | W51: 0
A52: 43800 | B52: 43800 | C52: Licitación Caren y Cec (SIC 2013/03-2) BS1A | D52: Potencia Licitaciones | E52: Potencia | F52: Lic. SIC 2013/03-2 bloques BS1A: Potencia dic 2019 | G52: 43837 | H52: 33 | I52: 11902 | J52: s | K52: s | L52: BS1A | M52: Caren | N52: Cec | O52: 41335 | P52: CEC | Q52: 1 | R52: A.JAHUEL 220 | S52: NULL | T52: NULL | U52: 0 | V52: 5969.53 | W52: 0
A53: 43800 | B53: 43800 | C53: Licitación Caren y Cec (SIC 2013/03-2) BS1A | D53: Potencia Licitaciones | E53: Potencia | F53: Lic. SIC 2013/03-2 bloques BS1A: Potencia dic 2019 | G53: 43837 | H53: 33 | I53: 11902 | J53: s | K53: s | L53: BS1A | M53: Caren | N53: Cec | O53: 41335 | P53: CEC | Q53: 2 | R53: A.MELIP 220 | S53: NULL | T53: NULL | U53: 0 | V53: 6128.55 | W53: 0
A54: 43800 | B54: 43800 | C54: Licitación Caren y Cec (SIC 2013/03-2) BS1A | D54: Potencia Licitaciones | E54: Potencia | F54: Lic. SIC 2013/03-2 bloques BS1A: Potencia dic 2019 | G54: 43837 | H54: 33 | I54: 11902 | J54: s | K54: s | L54: BS1A | M54: Caren | N54: Cec | O54: 41335 | P54: CEC | Q54: 3 | R54: CHARRUA 220 | S54: NULL | T54: NULL | U54: 0 | V54: 5735.8 | W54: 0
A55: 43800 | B55: 43800 | C55: Licitación Caren y Cec (SIC 2013/03-2) BS1A | D55: Potencia Licitaciones | E55: Potencia | F55: Lic. SIC 2013/03-2 bloques BS1A: Potencia dic 2019 | G55: 43837 | H55: 33 | I55: 11902 | J55: s | K55: s | L55: BS1A | M55: Caren | N55: Cec | O55: 41335 | P55: CEC | Q55: 4 | R55: ITAHUE 220 | S55: NULL | T55: NULL | U55: 0 | V55: 5821.34 | W55: 0
A56: 43800 | B56: 43800 | C56: Licitación Caren y Cec (SIC 2013/03-2) BS1A | D56: Potencia Licitaciones | E56: Potencia | F56: Lic. SIC 2013/03-2 bloques BS1A: Potencia dic 2019 | G56: 43837 | H56: 33 | I56: 11902 | J56: s | K56: s | L56: BS1A | M56: Caren | N56: Cec | O56: 41335 | P56: CEC | Q56: 5 | R56: RAPEL 220 | S56: NULL | T56: NULL | U56: 0 | V56: 6082.17 | W56: 0
A57: 43831 | B57: 43831 | C57: Licitación Caren y Cec (SIC 2013/03-2) BS1A | D57: Potencia Licitaciones | E57: Potencia | F57: Lic. SIC 2013/03-2 bloques BS1A: Potencia ene 2020 | G57: 43910.519 | H57: 33 | I57: 13159 | J57: s | K57: s | L57: BS1A | M57: Caren | N57: Cec | O57: 41335 | P57: CEC | Q57: 1 | R57: A.JAHUEL 220 | S57: NULL | T57: NULL | U57: 0 | V57: 5969.53 | W57: 0
... A136: 44287 | B136: 44287 | C136: Licitación Caren y Cec (SIC 2013/03-2) BS1A | D136: Potencia Licitaciones | E136: Potencia | F136: Lic. SIC 2013/03-2 bloques BS1A: Potencia abr 2021 | G136: 44323.703 | H136: 33 | I136: 18700 | J136: s | K136: s | L136: BS1A | M136: Caren | N136: Cec | O136: 41335 | P136: CEC | Q136: 5 | R136: RAPEL 220 | S136: NULL | T136: NULL | U136: 0 | V136: 5963.281 | W136: 0

Sheet EFACT_CNE
A1: IdContrato | B1: MesDevengado | C1: Anho | D1: Mes | E1: Codigo | F1: DX | G1: NomEmpresaDistribuidora | H1: GX | I1: NomSuministrador | J1: CodigoContrato | K1: PuntoRetiro | L1: Contrato | M1: Energia_kWh | N1: Potencia_kW | O1: Sistema | P1: DataCreated | Q1: IdBarra | R1: NomBarra | S1: Energia | T1: PrecioEnergia | U1: PrecioEnergiaAjustado | V1: TotalEnergia | W1: TotalEnergiaAjustado | X1: Potencia | Y1: PrecioPotencia | Z1: PrecioPotenciaAjustado | AA1: TotalPotencia | AB1: TotalPotenciaAjustado | AC1: EmpresaDistribuidora | AD1: Fecha
A2: 600911 | B2: 01-04-2016 | C2: 2016 | D2: 4 | E2: Curico | F2: CEC | G2: CEC | H2: Empresa Eléctrica Carén S.A. | I2: CAREN | J2: SIC 2013/03_2_BS1A_BB_CEC_Empresa Eléctrica Carén S.A. | K2: CURICÓ 13,2 | L2: SIC 2013/03_2_BS1A_BB | M2: 4919.3409 | N2: 0 | O2: SIC4 | P2: 44330.488 | Q2: 5423000 | R2: Charrua 220 | S2: 73.123154 | T2: 68.686022 | U2: 68.686022 | V2: 5022.5386 | W2: 5022.5386 | X2: 0 | Y2: 0 | Z2: 0 | AA2: 0 | AB2: 0 | AC2: CEC | AD2: 42461
A3: 600929 | B3: 01-04-2016 | C3: 2016 | D3: 4 | E3: QUINTA | F3: CEC | G3: CEC | H3: Empresa Eléctrica Carén S.A. | I3: CAREN | J3: SIC 2013/03_2_BS1A_BB_CEC_Empresa Eléctrica Carén S.A. | K3: QUINTA 13,2 | L3: SIC 2013/03_2_BS1A_BB | M3: 1317.6215 | N3: 0 | O3: SIC4 | P3: 44330.488 | Q3: 5423034 | R3: Charrua 220 | S3: 35.336403 | T3: 68.686022 | U3: 68.686022 | V3: 2427.117 | W3: 2427.117 | X3: 0 | Y3: 0 | Z3: 0 | AA3: 0 | AB3: 0 | AC3: CEC | AD3: 42461
A4: 607827 | B4: 01-03-2016 | C4: 2016 | D4: 3 | E4: QUINTA | F4: CEC | G4: CEC | H4: Empresa Eléctrica Carén S.A. | I4: CAREN | J4: SIC 2013/03_2_BS1A_BB_CEC_Empresa Eléctrica Carén S.A. | K4: QUINTA 13,2 | L4: SIC 2013/03_2_BS1A_BB | M4: 1703.6854 | N4: 0 | O4: SIC4 | P4: 44330.495 | Q4: 5439222 | R4: Charrua 220 | S4: 45.689989 | T4: 68.686022 | U4: 68.686022 | V4: 3138.2636 | W4: 3138.2636 | X4: 0 | Y4: 0 | Z4: 0 | AA4: 0 | AB4: 0 | AC4: CEC | AD4: 42430
A5: 600947 | B5: 01-04-2016 | C5: 2016 | D5: 4 | E5: TENO | F5: CEC | G5: CEC | H5: Empresa Eléctrica Carén S.A. | I5: CAREN | J5: SIC 2013/03_2_BS1A_BB_CEC_Empresa Eléctrica Carén S.A. | K5: TENO 13,2 | L5: SIC 2013/03_2_BS1A_BB | M5: 2065.7815 | N5: 0 | O5: SIC4 | P5: 44330.488 | Q5: 5423068 | R5: Charrua 220 | S5: 54.541875 | T5: 68.686022 | U5: 68.686022 | V5: 3746.2644 | W5: 3746.2644 | X5: 0 | Y5: 0 | Z5: 0 | AA5: 0 | AB5: 0 | AC5: CEC | AD5: 42461
A6: 607809 | B6: 01-03-2016 | C6: 2016 | D6: 3 | E6: Curico | F6: CEC | G6: CEC | H6: Empresa Eléctrica Carén S.A. | I6: CAREN | J6: SIC 2013/03_2_BS1A_BB_CEC_Empresa Eléctrica Carén S.A. | K6: CURICÓ 13,2 | L6: SIC 2013/03_2_BS1A_BB | M6: 6396.7767 | N6: 0 | O6: SIC4 | P6: 44330.495 | Q6: 5439188 | R6: Charrua 220 | S6: 95.084381 | T6: 68.686022 | U6: 68.686022 | V6: 6530.9679 | W6: 6530.9679 | X6: 0 | Y6: 0 | Z6: 0 | AA6: 0 | AB6: 0 | AC6: CEC | AD6: 42430
A7: 607845 | B7: 01-03-2016 | C7: 2016 | D7: 3 | E7: TENO | F7: CEC | G7: CEC | H7: Empresa Eléctrica Carén S.A. | I7: CAREN | J7: SIC 2013/03_2_BS1A_BB_CEC_Empresa Eléctrica Carén S.A. | K7: TENO 13,2 | L7: SIC 2013/03_2_BS1A_BB | M7: 2312.6678 | N7: 0 | O7: SIC4 | P7: 44330.495 | Q7: 5439256 | R7: Charrua 220 | S7: 61.060298 | T7: 68.686022 | U7: 68.686022 | V7: 4193.989 | W7: 4193.989 | X7: 0 | Y7: 0 | Z7: 0 | AA7: 0 | AB7: 0 | AC7: CEC | AD7: 42430
A8: 607809 | B8: 01-03-2016 | C8: 2016 | D8: 3 | E8: Curico | F8: CEC | G8: CEC | H8: Empresa Eléctrica Carén S.A. | I8: CAREN | J8: SIC 2013/03_2_BS1A_BB_CEC_Empresa Eléctrica Carén S.A. | K8: CURICÓ 13,2 | L8: SIC 2013/03_2_BS1A_BB | M8: 6396.7767 | N8: 0 | O8: SIC4 | P8: 44330.495 | Q8: 5439187 | R8: Itahue 220 | S8: 6554.173 | T8: 77.583745 | U8: 77.583745 | V8: 508497.29 | W8: 508497.29 | X8: 0 | Y8: 0 | Z8: 0 | AA8: 0 | AB8: 0 | AC8: CEC | AD8: 42430
A9: 607845 | B9: 01-03-2016 | C9: 2016 | D9: 3 | E9: TENO | F9: CEC | G9: CEC | H9: Empresa Eléctrica Carén S.A. | I9: CAREN | J9: SIC 2013/03_2_BS1A_BB_CEC_Empresa Eléctrica Carén S.A. | K9: TENO 13,2 | L9: SIC 2013/03_2_BS1A_BB | M9: 2312.6678 | N9: 0 | O9: SIC4 | P9: 44330.495 | Q9: 5439255 | R9: Itahue 220 | S9: 2342.8885 | T9: 77.583745 | U9: 77.583745 | V9: 181770.06 | W9: 181770.06 | X9: 0 | Y9: 0 | Z9: 0 | AA9: 0 | AB9: 0 | AC9: CEC | AD9: 42430
A10: 600929 | B10: 01-04-2016 | C10: 2016 | D10: 4 | E10: QUINTA | F10: CEC | G10: CEC | H10: Empresa Eléctrica Carén S.A. | I10: CAREN | J10: SIC 2013/03_2_BS1A_BB_CEC_Empresa Eléctrica Carén S.A. | K10: QUINTA 13,2 | L10: SIC 2013/03_2_BS1A_BB | M10: 1317.6215 | N10: 0 | O10: SIC4 | P10: 44330.488 | Q10: 5423033 | R10: Itahue 220 | S10: 1334.2916 | T10: 77.583745 | U10: 77.583745 | V10: 103519.34 | W10: 103519.34 | X10: 0 | Y10: 0 | Z10: 0 | AA10: 0 | AB10: 0 | AC10: CEC | AD10: 42461
A11: 600947 | B11: 01-04-2016 | C11: 2016 | D11: 4 | E11: TENO | F11: CEC | G11: CEC | H11: Empresa Eléctrica Carén S.A. | I11: CAREN | J11: SIC 2013/03_2_BS1A_BB_CEC_Empresa Eléctrica Carén S.A. | K11: TENO 13,2 | L11: SIC 2013/03_2_BS1A_BB | M11: 2065.7815 | N11: 0 | O11: SIC4 | P11: 44330.488 | Q11: 5423067 | R11: Itahue 220 | S11: 2092.776 | T11: 77.583745 | U11: 77.583745 | V11: 162365.4 | W11: 162365.4 | X11: 0 | Y11: 0 | Z11: 0 | AA11: 0 | AB11: 0 | AC11: CEC | AD11: 42461
A12: 607827 | B12: 01-03-2016 | C12: 2016 | D12: 3 | E12: QUINTA | F12: CEC | G12: CEC | H12: Empresa Eléctrica Carén S.A. | I12: CAREN | J12: SIC 2013/03_2_BS1A_BB_CEC_Empresa Eléctrica Carén S.A. | K12: QUINTA 13,2 | L12: SIC 2013/03_2_BS1A_BB | M12: 1703.6854 | N12: 0 | O12: SIC4 | P12: 44330.495 | Q12: 5439221 | R12: Itahue 220 | S12: 1725.2398 | T12: 77.583745 | U12: 77.583745 | V12: 133850.57 | W12: 133850.57 | X12: 0 | Y12: 0 | Z12: 0 | AA12: 0 | AB12: 0 | AC12: CEC | AD12: 42430
A13: 600911 | B13: 01-04-2016 | C13: 2016 | D13: 4 | E13: Curico | F13: CEC | G13: CEC | H13: Empresa Eléctrica Carén S.A. | I13: CAREN | J13: SIC 2013/03_2_BS1A_BB_CEC_Empresa Eléctrica Carén S.A. | K13: CURICÓ 13,2 | L13: SIC 2013/03_2_BS1A_BB | M13: 4919.3409 | N13: 0 | O13: SIC4 | P13: 44330.488 | Q13: 5422999 | R13: Itahue 220 | S13: 5040.3841 | T13: 77.583745 | U13: 77.583745 | V13: 391051.88 | W13: 391051.88 | X13: 0 | Y13: 0 | Z13: 0 | AA13: 0 | AB13: 0 | AC13: CEC | AD13: 42461
... A235: 301089 | B235: 01-11-2019 | C235: 2019 | D235: 11 | E235: Curico 13.2 | F235: CEC | G235: CEC | H235: Empresa Eléctrica Carén S.A. | I235: Empresa Eléctrica Carén S.A. | J235: SIC 2013/03_2_BS1A_BB_CEC_Empresa Eléctrica Carén S.A. | K235: Curico 13.2 | L235: SIC 2013/03_2_BS1A_BB | M235: 1777.6837 | N235: 0 | O235: STX E | P235: 44269.874 | Q235: 2848156 | R235: CHARRUA 220 | S235: 211.65708 | T235: 70.437338 | U235: 70.437338 | V235: 14908.561 | W235: 14908.561 | X235: 0 | Y235: 5735.8045 | Z235: 5735.8045 | AA235: 0 | AB235: 0 | AC235: CEC | AD235: 43770

Sheet SIN_DATA
A1: IdContrato | B1: MesDevengado | C1: Anho | D1: Mes | E1: Codigo | F1: DX | G1: NomEmpresaDistribuidora | H1: GX | I1: NomSuministrador | J1: CodigoContrato | K1: PuntoRetiro | L1: Contrato | M1: Energia_kWh | N1: Potencia_kW | O1: Sistema | P1: DataCreated | Q1: IdBarra | R1: NomBarra | S1: Energia | T1: PrecioEnergia | U1: PrecioEnergiaAjustado | V1: TotalEnergia | W1: TotalEnergiaAjustado | X1: Potencia | Y1: PrecioPotencia | Z1: PrecioPotenciaAjustado | AA1: TotalPotencia | AB1: TotalPotenciaAjustado | AC1: EmpresaDistribuidora | AD1: Fecha
B2: 42370
B3: 42401
B4: 42430
B5: 42461
B6: 42491
B7: 42522
B8: 42552
B9: 42583
B10: 42614
B11: 42644
B12: 42675
B13: 42705
... B235: 49461

Sheet INTERESES
A1: Decreto | B1: Fecha Publicación | C1: Interés vigente | D1: Desde | E1: Hasta | F1: Interés anual | G1: Link
A2: PNP_8T_11-07-2016 | B2: 42588 | C2: Certicado N°7/2016 | D2: 42566 | E2: 42594 | F2: 0.0546 | G2: https://www.bcn.cl/leychile/navegar?idNorma=1092549
A3: PNP_9T_25-07-2016 | B3: 42614 | C3: Certificado N°8/2016 | D3: 42595 | E3: 42627 | F3: 0.0542 | G3: https://www.bcn.cl/leychile/navegar?idNorma=1093605
A4: PNP_12T_20-12-2016 | B4: 43018 | C4: Certificado N°9/2017 | D4: 42993 | E4: 43021 | F4: 0.0416 | G4: https://www.diariooficial.interior.gob.cl/publicaciones/2017/09/15/41861/01/1272697.pdf
A5: PNP_3T_15-05-2017 | B5: 43018 | C5: Certificado N°9/2017 | D5: 42993 | E5: 43021 | F5: 0.0416 | G5: https://www.diariooficial.interior.gob.cl/publicaciones/2017/09/15/41861/01/1272697.pdf
A6: PNP_12T_28-11-2017 | B6: 43183 | C6: Certificado N°3/2018 | D6: 43174 | E6: 43203 | F6: 0.042 | G6: https://www.diariooficial.interior.gob.cl/publicaciones/2018/03/15/42008/01/1366088.pdf
A7: PNP_7T_18-05-2018 | B7: 43371 | C7: Certificado N°9/2018 | D7: 43358 | E7: 43385 | F7: 0.0438 | G7: https://www.diariooficial.interior.gob.cl/publicaciones/2018/09/15/42159/01/1465375.pdf
A8: PNP_20T_13-12-2018 | B8: 43591 | C8: Certificado N°4/2019 | D8: 43570 | E8: 43599 | F8: 0.0446 | G8: https://www.diariooficial.interior.gob.cl/publicaciones/2019/04/15/42331/01/1576341.pdf
A9: PNP_6T_08-05-2020 | B9: 44137 | C9: Certificado N° 10/2020 | D9: 44119 | E9: 44148 | F9: 0.0361 | G9: https://www.diariooficial.interior.gob.cl/publicaciones/2020/10/15/42780/01/1830437.pdf
A10: PNP_16T_02-11-2020 | B10: 44275 | C10: Certificado N° 3/2021 | D10: 44270 | E10: 44300 | F10: 0.0391 | G10: https://www.diariooficial.interior.gob.cl/publicaciones/2021/03/15/42905/01/1910115.pdf
A11: PNP_19T_30-12-2020 | B11: 44336 | C11: Certificado N° 05/2021 | D11: 44330 | F11: 0.0328 | G11: https://www.diariooficial.interior.gob.cl/publicaciones/2021/05/14/42954/01/1943780.pdf
A13: Interés ResEx 703 (06-nov.2018), Artículo 13
A14: Operaciones no reajustables en moneda nacional de menos de 90 días, superiores al equivalente de 5.000 unidades de fomento
